"Time";"Displacement"
"2020-11-30T19:05";4
"2020-11-30T19:10";4
"2020-11-30T19:15";4
"2020-11-30T19:20";4
"2020-11-30T19:26";5
"2020-11-30T19:31";5
"2020-11-30T19:36";3
"2020-11-30T19:41";3
"2020-11-30T19:46";4
"2020-11-30T19:51";5
"2020-11-30T19:56";4
"2020-11-30T20:01";4
"2020-11-30T20:07";4
"2020-11-30T20:12";3
"2020-11-30T20:17";3
"2020-11-30T20:22";4
"2020-11-30T20:32";4
"2020-11-30T20:37";4
"2020-11-30T20:42";3
"2020-11-30T20:48";3
"2020-11-30T20:53";4
"2020-11-30T20:58";5
"2020-11-30T21:03";4
"2020-11-30T21:08";4
"2020-11-30T21:13";4
"2020-11-30T21:18";3
"2020-11-30T21:23";3
"2020-11-30T21:29";3
"2020-11-30T21:34";4
"2020-11-30T21:39";3
"2020-11-30T21:44";4
"2020-11-30T21:49";5
"2020-11-30T21:54";4
"2020-11-30T21:59";3
"2020-11-30T22:04";3
"2020-11-30T22:10";4
"2020-11-30T22:15";5
"2020-11-30T22:20";5
"2020-11-30T22:25";4
"2020-11-30T22:30";3
"2020-11-30T22:35";5
"2020-11-30T22:40";4
"2020-11-30T22:45";5
"2020-11-30T22:51";3
"2020-11-30T22:56";3
"2020-11-30T23:01";3
"2020-11-30T23:06";3
"2020-11-30T23:11";3
"2020-11-30T23:16";4
"2020-11-30T23:21";3
"2020-11-30T23:26";4
"2020-11-30T23:32";4
"2020-11-30T23:37";4
"2020-11-30T23:42";3
"2020-11-30T23:47";4
"2020-11-30T23:52";4
"2020-11-30T23:57";4
"2020-12-01T00:02";5
"2020-12-01T00:07";5
"2020-12-01T00:13";3
"2020-12-01T00:18";4
"2020-12-01T00:23";3
"2020-12-01T00:28";3
"2020-12-01T00:33";4
"2020-12-01T00:38";3
"2020-12-01T00:43";3
"2020-12-01T00:48";3
"2020-12-01T00:53";4
"2020-12-01T00:59";4
"2020-12-01T01:04";4
"2020-12-01T01:09";4
"2020-12-01T01:14";4
"2020-12-01T01:19";3
"2020-12-01T01:24";3
"2020-12-01T01:29";4
"2020-12-01T01:34";3
"2020-12-01T01:39";3
"2020-12-01T01:45";4
"2020-12-01T01:50";4
"2020-12-01T01:55";4
"2020-12-01T02:00";3
"2020-12-01T02:05";3
"2020-12-01T02:10";4
"2020-12-01T02:15";4
"2020-12-01T02:20";5
"2020-12-01T02:26";4
"2020-12-01T02:31";5
"2020-12-01T02:36";3
"2020-12-01T02:41";3
"2020-12-01T02:46";4
"2020-12-01T02:51";3
"2020-12-01T02:56";5
"2020-12-01T03:02";5
"2020-12-01T03:07";3
"2020-12-01T03:12";3
"2020-12-01T03:22";4
"2020-12-01T03:27";3
"2020-12-01T03:32";4
"2020-12-01T03:37";4
"2020-12-01T03:42";4
"2020-12-01T03:48";3
"2020-12-01T03:53";3
"2020-12-01T03:58";4
"2020-12-01T04:03";3
"2020-12-01T04:08";4
"2020-12-01T04:13";4
"2020-12-01T04:18";3
"2020-12-01T04:23";3
"2020-12-01T04:28";4
"2020-12-01T04:34";4
"2020-12-01T04:39";3
"2020-12-01T04:44";3
"2020-12-01T04:49";4
"2020-12-01T04:54";4
"2020-12-01T04:59";4
"2020-12-01T05:04";5
"2020-12-01T05:09";4
"2020-12-01T05:15";4
"2020-12-01T05:20";4
"2020-12-01T05:25";4
"2020-12-01T05:30";4
"2020-12-01T05:35";4
"2020-12-01T05:40";4
"2020-12-01T05:45";5
"2020-12-01T05:50";4
"2020-12-01T05:56";4
"2020-12-01T06:01";3
"2020-12-01T06:06";4
"2020-12-01T06:11";6
"2020-12-01T06:16";4
"2020-12-01T06:21";3
"2020-12-01T06:26";3
"2020-12-01T06:31";4
"2020-12-01T06:36";4
"2020-12-01T06:42";5
"2020-12-01T06:47";4
"2020-12-01T06:52";5
"2020-12-01T06:57";4
"2020-12-01T07:02";3
"2020-12-01T07:07";4
"2020-12-01T07:12";4
"2020-12-01T07:17";6
"2020-12-01T07:23";4
"2020-12-01T07:28";4
"2020-12-01T07:33";4
"2020-12-01T07:38";5
"2020-12-01T07:43";4
"2020-12-01T07:48";5
"2020-12-01T07:53";4
"2020-12-01T07:58";5
"2020-12-01T08:03";4
"2020-12-01T08:09";5
"2020-12-01T08:14";4
"2020-12-01T08:19";4
"2020-12-01T08:24";4
"2020-12-01T08:29";5
"2020-12-01T08:34";4
"2020-12-01T08:39";4
"2020-12-01T08:44";4
"2020-12-01T08:50";4
"2020-12-01T08:55";4
"2020-12-01T09:00";5
"2020-12-01T09:05";4
"2020-12-01T09:10";6
"2020-12-01T09:15";4
"2020-12-01T09:20";4
"2020-12-01T09:25";5
"2020-12-01T09:31";5
"2020-12-01T09:36";5
"2020-12-01T09:41";4
"2020-12-01T09:46";5
"2020-12-01T09:51";4
"2020-12-01T09:56";4
"2020-12-01T10:01";4
"2020-12-01T10:06";4
"2020-12-01T10:12";4
"2020-12-01T10:17";4
"2020-12-01T10:22";4
"2020-12-01T10:27";5
"2020-12-01T10:32";5
"2020-12-01T10:37";4
"2020-12-01T10:42";4
"2020-12-01T10:47";4
"2020-12-01T10:53";4
"2020-12-01T10:58";8191
"2020-12-01T11:03";8191
"2020-12-01T11:08";8191
"2020-12-01T11:13";8191
"2020-12-01T11:18";8191
"2020-12-01T11:23";8191
"2020-12-01T11:28";8191
"2020-12-01T11:34";8191
"2020-12-01T11:39";8191
"2020-12-01T11:44";8191
"2020-12-01T11:49";8191
"2020-12-01T11:54";8191
"2020-12-01T11:59";8191
"2020-12-01T12:04";8191
"2020-12-01T12:09";8191
"2020-12-01T12:14";8191
"2020-12-01T12:20";8191
"2020-12-01T12:25";8191
"2020-12-01T12:30";8191
"2020-12-01T12:35";8191
"2020-12-01T12:40";8191
"2020-12-01T12:45";8191
"2020-12-01T12:50";8191
"2020-12-01T12:55";8191
"2020-12-01T13:01";8191
"2020-12-01T13:06";8191
"2020-12-01T13:11";8191
"2020-12-01T13:16";8191
"2020-12-01T13:21";8191
"2020-12-01T13:26";8191
"2020-12-01T13:31";8191
"2020-12-01T13:36";8191
"2020-12-01T13:42";8191
"2020-12-01T13:47";8191
"2020-12-01T13:52";8191
"2020-12-01T13:57";8191
"2020-12-01T14:02";8191
"2020-12-01T14:07";8191
"2020-12-01T14:12";8191
"2020-12-01T14:17";8191
"2020-12-01T14:22";8191
"2020-12-01T14:28";8191
"2020-12-01T14:33";8191
"2020-12-01T14:38";8191
"2020-12-01T14:43";8191
"2020-12-01T14:48";8191
"2020-12-01T14:53";8191
"2020-12-01T15:03";8191
"2020-12-01T15:09";8191
"2020-12-01T15:14";8191
"2020-12-01T15:19";8191
"2020-12-01T15:24";8191
"2020-12-01T15:29";8191
"2020-12-01T15:34";8191
"2020-12-01T15:39";8191
"2020-12-01T15:44";8191
"2020-12-01T15:50";8191
"2020-12-01T15:55";8191
"2020-12-01T16:00";8191
"2020-12-01T16:05";8191
"2020-12-01T16:10";8191
"2020-12-01T16:15";8191
"2020-12-01T16:20";8191
"2020-12-01T16:26";8191
"2020-12-01T16:31";8191
"2020-12-01T16:36";8191
"2020-12-01T16:41";8191
"2020-12-01T16:46";8191
"2020-12-01T16:51";8191
"2020-12-01T16:56";8191
"2020-12-01T17:01";8191
"2020-12-01T17:07";8191
"2020-12-01T17:12";8191
"2020-12-01T17:17";8191
"2020-12-01T17:22";8191
"2020-12-01T17:27";8191
"2020-12-01T17:32";8191
"2020-12-01T17:37";8191
"2020-12-01T17:42";8191
"2020-12-01T17:47";8191
"2020-12-01T17:53";8191
"2020-12-01T17:58";8191
"2020-12-01T18:03";8191
"2020-12-01T18:08";8191
"2020-12-01T18:13";8191
"2020-12-01T18:18";8191
"2020-12-01T18:23";8191
"2020-12-01T18:28";8191
"2020-12-01T18:34";8191
"2020-12-01T18:39";8191
"2020-12-01T18:44";8191
"2020-12-01T18:49";8191
"2020-12-01T18:54";8191
"2020-12-01T18:59";8191
"2020-12-01T19:04";8191
"2020-12-01T19:09";8191
"2020-12-01T19:15";8191
"2020-12-01T19:20";8191
"2020-12-01T19:25";8191
"2020-12-01T19:30";8191
"2020-12-01T19:35";8191
"2020-12-01T19:40";8191
"2020-12-01T19:45";8191
"2020-12-01T19:50";8191
"2020-12-01T19:56";8191
"2020-12-01T20:01";8191
"2020-12-01T20:06";8191
"2020-12-01T20:11";8191
"2020-12-01T20:16";8191
"2020-12-01T20:21";8191
"2020-12-01T20:26";8191
"2020-12-01T20:31";8191
"2020-12-01T20:36";8191
"2020-12-01T20:41";8191
"2020-12-01T20:47";8191
"2020-12-01T20:52";8191
"2020-12-01T20:57";8191
"2020-12-01T21:02";8191
"2020-12-01T21:07";8191
"2020-12-01T21:12";8191
"2020-12-01T21:17";8191
"2020-12-01T21:22";8191
"2020-12-01T21:28";8191
"2020-12-01T21:33";8191
"2020-12-01T21:38";8191
"2020-12-01T21:43";8191
"2020-12-01T21:48";8191
"2020-12-01T21:53";8191
"2020-12-01T21:58";8191
"2020-12-01T22:03";8191
"2020-12-01T22:08";8191
"2020-12-01T22:14";8191
"2020-12-01T22:19";8191
"2020-12-01T22:24";8191
"2020-12-01T22:29";8191
"2020-12-01T22:34";8191
"2020-12-01T22:39";8191
"2020-12-01T22:44";8191
"2020-12-01T22:49";8191
"2020-12-01T22:55";8191
"2020-12-01T23:00";8191
"2020-12-01T23:05";8191
"2020-12-01T23:10";8191
"2020-12-01T23:15";8191
"2020-12-01T23:20";8191
"2020-12-01T23:25";8191
"2020-12-01T23:30";8191
"2020-12-01T23:36";8191
"2020-12-01T23:41";8191
"2020-12-01T23:46";8191
"2020-12-01T23:51";8191
"2020-12-01T23:56";8191
"2020-12-02T00:01";8191
"2020-12-02T00:06";8191
"2020-12-02T00:11";8191
"2020-12-02T00:17";8191
"2020-12-02T00:25";8191
"2020-12-02T00:30";8191
"2020-12-02T00:35";8191
"2020-12-02T00:41";8191
"2020-12-02T00:46";8191
"2020-12-02T00:51";8191
"2020-12-02T00:56";8191
"2020-12-02T01:01";8191
"2020-12-02T01:06";8191
"2020-12-02T01:11";8191
"2020-12-02T01:16";8191
"2020-12-02T01:22";8191
"2020-12-02T01:27";8191
"2020-12-02T01:32";8191
"2020-12-02T01:37";8191
"2020-12-02T01:42";8191
"2020-12-02T01:47";8191
"2020-12-02T01:52";8191
"2020-12-02T01:57";8191
"2020-12-02T02:02";8191
"2020-12-02T02:08";8191
"2020-12-02T02:13";8191
"2020-12-02T02:18";8191
"2020-12-02T02:23";8191
"2020-12-02T02:33";8191
"2020-12-02T02:38";8191
"2020-12-02T02:43";8191
"2020-12-02T02:48";8191
"2020-12-02T02:54";8191
"2020-12-02T02:59";8191
"2020-12-02T03:04";8191
"2020-12-02T03:09";8191
"2020-12-02T03:14";8191
"2020-12-02T03:19";8191
"2020-12-02T03:24";8191
"2020-12-02T03:29";8191
"2020-12-02T03:35";8191
"2020-12-02T03:40";8191
"2020-12-02T03:45";8191
"2020-12-02T03:50";8191
"2020-12-02T03:55";8191
"2020-12-02T04:00";8191
"2020-12-02T04:05";8191
"2020-12-02T04:10";8191
"2020-12-02T04:15";8191
"2020-12-02T04:21";8191
"2020-12-02T04:26";8191
"2020-12-02T04:31";8191
"2020-12-02T04:36";8191
"2020-12-02T04:41";8191
"2020-12-02T04:46";8191
"2020-12-02T04:51";8191
"2020-12-02T04:56";8191
"2020-12-02T05:01";8191
"2020-12-02T05:06";8191
"2020-12-02T05:12";8191
"2020-12-02T05:17";8191
"2020-12-02T05:22";8191
"2020-12-02T05:27";8191
"2020-12-02T05:32";8191
"2020-12-02T05:37";8191
"2020-12-02T05:42";8191
"2020-12-02T05:47";8191
"2020-12-02T05:53";8191
"2020-12-02T05:58";8191
"2020-12-02T06:03";8191
"2020-12-02T06:08";8191
"2020-12-02T06:13";8191
"2020-12-02T06:18";8191
"2020-12-02T06:23";8191
"2020-12-02T06:28";8191
"2020-12-02T06:33";8191
"2020-12-02T06:39";8191
"2020-12-02T06:44";8191
"2020-12-02T06:49";8191
"2020-12-02T06:54";8191
"2020-12-02T06:59";8191
"2020-12-02T07:04";8191
"2020-12-02T07:14";8191
"2020-12-02T07:20";8191
"2020-12-02T07:25";8191
"2020-12-02T07:30";8191
"2020-12-02T07:35";8191
"2020-12-02T07:40";8191
"2020-12-02T07:45";8191
"2020-12-02T07:50";8191
"2020-12-02T07:55";8191
"2020-12-02T08:00";8191
"2020-12-02T08:06";8191
"2020-12-02T08:11";8191
"2020-12-02T08:16";8191
"2020-12-02T08:21";8191
"2020-12-02T08:26";8191
"2020-12-02T08:31";8191
"2020-12-02T08:36";8191
"2020-12-02T08:41";8191
"2020-12-02T08:47";8191
"2020-12-02T08:52";8191
"2020-12-02T08:57";8191
"2020-12-02T09:02";8191
"2020-12-02T09:07";8191
"2020-12-02T09:12";8191
"2020-12-02T09:17";8191
"2020-12-02T09:23";8191
"2020-12-02T09:28";8191
"2020-12-02T09:33";8191
"2020-12-02T09:38";8191
"2020-12-02T09:43";8191
"2020-12-02T09:48";8191
"2020-12-02T09:53";8191
"2020-12-02T09:58";8191
"2020-12-02T10:03";8191
"2020-12-02T10:09";8191
"2020-12-02T10:14";8191
"2020-12-02T10:19";8191
"2020-12-02T10:24";8191
"2020-12-02T10:29";8191
"2020-12-02T10:34";8191
"2020-12-02T10:39";8191
"2020-12-02T10:44";8191
"2020-12-02T10:49";8191
"2020-12-02T10:55";8191
"2020-12-02T11:00";8191
"2020-12-02T11:05";8191
"2020-12-02T11:10";8191
"2020-12-02T11:15";8191
"2020-12-02T11:20";8191
"2020-12-02T11:25";8191
"2020-12-02T11:30";8191
"2020-12-02T11:36";8191
"2020-12-02T11:41";8191
"2020-12-02T11:46";8191
"2020-12-02T11:51";8191
"2020-12-02T11:56";8191
"2020-12-02T12:01";8191
"2020-12-02T12:06";8191
"2020-12-02T12:11";8191
"2020-12-02T12:16";8191
"2020-12-02T12:22";8191
"2020-12-02T12:30";8191
"2020-12-02T12:35";8191
"2020-12-02T12:40";8191
"2020-12-02T12:46";8191
"2020-12-02T12:51";8191
"2020-12-02T12:56";8191
"2020-12-02T13:01";8191
"2020-12-02T13:06";8191
"2020-12-02T13:11";8191
"2020-12-02T13:16";8191
"2020-12-02T13:21";8191
"2020-12-02T13:27";8191
"2020-12-02T13:32";8191
"2020-12-02T13:37";8191
"2020-12-02T13:42";8191
"2020-12-02T13:47";8191
"2020-12-02T13:52";8191
"2020-12-02T13:57";8191
"2020-12-02T14:02";8191
"2020-12-02T14:08";8191
"2020-12-02T14:13";8191
"2020-12-02T14:18";8191
"2020-12-02T14:23";8191
"2020-12-02T14:28";8191
"2020-12-02T14:33";8191
"2020-12-02T14:38";8191
"2020-12-02T14:43";8191
"2020-12-02T14:48";8191
"2020-12-02T14:54";8191
"2020-12-02T14:59";8191
"2020-12-02T15:04";8191
"2020-12-02T15:09";8191
"2020-12-02T15:14";8191
"2020-12-02T15:19";8191
"2020-12-02T15:24";8191
"2020-12-02T15:29";8191
"2020-12-02T15:35";8191
"2020-12-02T15:40";8191
"2020-12-02T15:45";8191
"2020-12-02T15:50";8191
"2020-12-02T15:55";8191
"2020-12-02T16:00";8191
"2020-12-02T16:05";8191
"2020-12-02T16:11";8191
"2020-12-02T16:16";8191
"2020-12-02T16:21";8191
"2020-12-02T16:26";8191
"2020-12-02T16:31";8191
"2020-12-02T16:36";8191
"2020-12-02T16:41";8191
"2020-12-02T16:46";8191
"2020-12-02T16:52";8191
"2020-12-02T16:57";8191
"2020-12-02T17:02";8191
"2020-12-02T17:07";8191
"2020-12-02T17:12";8191
"2020-12-02T17:17";8191
"2020-12-02T17:22";8191
"2020-12-02T17:27";8191
"2020-12-02T17:32";8191
"2020-12-02T17:38";8191
"2020-12-02T17:43";8191
"2020-12-02T17:48";8191
"2020-12-02T17:53";8191
"2020-12-02T17:58";8191
"2020-12-02T18:03";8191
"2020-12-02T18:08";8191
"2020-12-02T18:13";8191
"2020-12-02T18:19";8191
"2020-12-02T18:24";8191
"2020-12-02T18:29";8191
"2020-12-02T18:34";8191
"2020-12-02T18:39";8191
"2020-12-02T18:48";8191
"2020-12-02T18:53";8191
"2020-12-02T18:58";8191
"2020-12-02T19:03";8191
"2020-12-02T19:08";8191
"2020-12-02T19:13";8191
"2020-12-02T19:18";8191
"2020-12-02T19:23";8191
"2020-12-02T19:29";8191
"2020-12-02T19:34";8191
"2020-12-02T19:39";8191
"2020-12-02T19:44";8191
"2020-12-02T19:49";8191
"2020-12-02T19:54";8191
"2020-12-02T19:59";8191
"2020-12-02T20:04";8191
"2020-12-02T20:09";8191
"2020-12-02T20:20";8191
"2020-12-02T20:25";8191
"2020-12-02T20:30";8191
"2020-12-02T20:35";8191
"2020-12-02T20:40";8191
"2020-12-02T20:45";8191
"2020-12-02T20:51";8191
"2020-12-02T20:56";8191
"2020-12-02T21:01";8191
"2020-12-02T21:06";8191
"2020-12-02T21:11";8191
"2020-12-02T21:16";8191
"2020-12-02T21:21";8191
"2020-12-02T21:26";8191
"2020-12-02T21:35";8191
"2020-12-02T21:40";8191
"2020-12-02T21:45";8191
"2020-12-02T21:50";8191
"2020-12-02T21:55";8191
"2020-12-02T22:00";8191
"2020-12-02T22:06";8191
"2020-12-02T22:11";8191
"2020-12-02T22:16";8191
"2020-12-02T22:21";8191
"2020-12-02T22:26";8191
"2020-12-02T22:31";8191
"2020-12-02T22:36";8191
"2020-12-02T22:41";8191
"2020-12-02T22:46";8191
"2020-12-02T22:52";8191
"2020-12-02T22:57";8191
"2020-12-02T23:02";8191
"2020-12-02T23:07";8191
"2020-12-02T23:12";8191
"2020-12-02T23:17";8191
"2020-12-02T23:22";8191
"2020-12-02T23:27";8191
"2020-12-02T23:33";8191
"2020-12-02T23:38";8191
"2020-12-02T23:43";8191
"2020-12-02T23:48";8191
"2020-12-02T23:53";8191
"2020-12-02T23:58";8191
"2020-12-03T00:03";8191
"2020-12-03T00:08";8191
"2020-12-03T00:13";8191
"2020-12-03T00:24";8191
"2020-12-03T00:29";8191
"2020-12-03T00:34";8191
"2020-12-03T00:39";8191
"2020-12-03T00:44";8191
"2020-12-03T00:49";8191
"2020-12-03T00:54";8191
"2020-12-03T00:59";8191
"2020-12-03T01:04";8191
"2020-12-03T01:10";8191
"2020-12-03T01:15";8191
"2020-12-03T01:20";8191
"2020-12-03T01:25";8191
"2020-12-03T01:30";8191
"2020-12-03T01:35";8191
"2020-12-03T01:40";8191
"2020-12-03T01:45";8191
"2020-12-03T01:50";8191
"2020-12-03T01:55";8191
"2020-12-03T02:01";8191
"2020-12-03T02:06";8191
"2020-12-03T02:11";8191
"2020-12-03T02:16";8191
"2020-12-03T02:21";8191
"2020-12-03T02:26";8191
"2020-12-03T02:31";8191
"2020-12-03T02:36";8191
"2020-12-03T02:42";8191
"2020-12-03T02:47";8191
"2020-12-03T02:52";8191
"2020-12-03T02:57";8191
"2020-12-03T03:02";8191
"2020-12-03T03:07";8191
"2020-12-03T03:12";8191
"2020-12-03T03:17";8191
"2020-12-03T03:23";8191
"2020-12-03T03:28";8191
"2020-12-03T03:33";8191
"2020-12-03T03:38";8191
"2020-12-03T03:43";8191
"2020-12-03T03:48";8191
"2020-12-03T03:53";8191
"2020-12-03T03:58";8191
"2020-12-03T04:03";8191
"2020-12-03T04:09";8191
"2020-12-03T04:14";8191
"2020-12-03T04:19";8191
"2020-12-03T04:24";8191
"2020-12-03T04:29";8191
"2020-12-03T04:34";8191
"2020-12-03T04:43";8191
"2020-12-03T04:48";8191
"2020-12-03T04:53";8191
"2020-12-03T04:58";8191
"2020-12-03T05:03";8191
"2020-12-03T05:08";8191
"2020-12-03T05:13";8191
"2020-12-03T05:19";8191
"2020-12-03T05:24";8191
"2020-12-03T05:29";8191
"2020-12-03T05:34";8191
"2020-12-03T05:39";8191
"2020-12-03T05:44";8191
"2020-12-03T05:49";8191
"2020-12-03T05:54";8191
"2020-12-03T06:00";8191
"2020-12-03T06:05";8191
"2020-12-03T06:10";8191
"2020-12-03T06:15";8191
"2020-12-03T06:20";8191
"2020-12-03T06:25";8191
"2020-12-03T06:30";8191
"2020-12-03T06:35";8191
"2020-12-03T06:40";8191
"2020-12-03T06:45";8191
"2020-12-03T06:51";8191
"2020-12-03T06:56";8191
"2020-12-03T07:01";8191
"2020-12-03T07:06";8191
"2020-12-03T07:11";8191
"2020-12-03T07:16";8191
"2020-12-03T07:21";8191
"2020-12-03T07:26";8191
"2020-12-03T07:32";8191
"2020-12-03T07:37";8191
"2020-12-03T07:42";8191
"2020-12-03T07:47";8191
"2020-12-03T07:52";8191
"2020-12-03T07:57";8191
"2020-12-03T08:02";8191
"2020-12-03T08:07";8191
"2020-12-03T08:13";8191
"2020-12-03T08:18";8191
"2020-12-03T08:23";8191
"2020-12-03T08:28";8191
"2020-12-03T08:38";8191
"2020-12-03T08:43";8191
"2020-12-03T08:48";8191
"2020-12-03T08:54";8191
"2020-12-03T08:59";8191
"2020-12-03T09:04";8191
"2020-12-03T09:09";8191
"2020-12-03T09:14";8191
"2020-12-03T09:19";8191
"2020-12-03T09:24";8191
"2020-12-03T09:29";8191
"2020-12-03T09:34";8191
"2020-12-03T09:40";8191
"2020-12-03T09:45";8191
"2020-12-03T09:50";8191
"2020-12-03T09:55";8191
"2020-12-03T10:00";8191
"2020-12-03T10:05";8191
"2020-12-03T10:10";8191
"2020-12-03T10:15";8191
"2020-12-03T10:26";8191
"2020-12-03T10:31";8191
"2020-12-03T10:36";8191
"2020-12-03T10:41";8191
"2020-12-03T10:46";8191
"2020-12-03T10:51";8191
"2020-12-03T10:56";8191
"2020-12-03T11:01";8191
"2020-12-03T11:07";8191
"2020-12-03T11:12";8191
"2020-12-03T11:17";8191
"2020-12-03T11:22";8191
"2020-12-03T11:27";8191
"2020-12-03T11:32";8191
"2020-12-03T11:37";8191
"2020-12-03T11:42";8191
"2020-12-03T11:47";8191
"2020-12-03T11:53";8191
"2020-12-03T11:58";8191
"2020-12-03T12:03";8191
"2020-12-03T12:08";8191
"2020-12-03T12:13";8191
"2020-12-03T12:18";8191
"2020-12-03T12:23";8191
"2020-12-03T12:28";8191
"2020-12-03T12:39";8191
"2020-12-03T12:44";8191
"2020-12-03T12:49";8191
"2020-12-03T12:54";8191
"2020-12-03T12:59";17
"2020-12-03T13:04";24
"2020-12-03T13:09";28
"2020-12-03T13:14";26
"2020-12-03T13:19";22
"2020-12-03T13:25";16
"2020-12-03T13:30";21
"2020-12-03T13:35";16
"2020-12-03T13:40";14
"2020-12-03T13:45";15
"2020-12-03T13:50";18
"2020-12-03T13:55";25
"2020-12-03T14:00";21
"2020-12-03T14:06";19
"2020-12-03T14:11";20
"2020-12-03T14:16";27
"2020-12-03T14:21";23
"2020-12-03T14:26";22
"2020-12-03T14:31";21
"2020-12-03T14:36";22
"2020-12-03T14:41";33
"2020-12-03T14:46";21
"2020-12-03T14:52";18
"2020-12-03T14:57";20
"2020-12-03T15:02";24
"2020-12-03T15:07";26
"2020-12-03T15:12";28
"2020-12-03T15:17";25
"2020-12-03T15:22";23
"2020-12-03T15:28";27
"2020-12-03T15:33";30
"2020-12-03T15:38";24
"2020-12-03T15:43";22
"2020-12-03T15:48";25
"2020-12-03T15:53";26
"2020-12-03T15:58";22
"2020-12-03T16:03";18
"2020-12-03T16:09";32
"2020-12-03T16:14";23
"2020-12-03T16:19";25
"2020-12-03T16:24";8191
"2020-12-03T16:29";8191
"2020-12-03T16:34";8191
"2020-12-03T16:39";24
"2020-12-03T16:44";25
"2020-12-03T16:50";22
"2020-12-03T16:55";30
"2020-12-03T17:00";25
"2020-12-03T17:05";27
"2020-12-03T17:10";25
"2020-12-03T17:15";22
"2020-12-03T17:20";20
"2020-12-03T17:26";24
"2020-12-03T17:31";18
"2020-12-03T17:36";21
"2020-12-03T17:41";19
"2020-12-03T17:46";21
"2020-12-03T17:51";23
"2020-12-03T17:56";30
"2020-12-03T18:01";21
"2020-12-03T18:06";24
"2020-12-03T18:12";26
"2020-12-03T18:22";24
"2020-12-03T18:27";16
"2020-12-03T18:32";23
"2020-12-03T18:37";21
"2020-12-03T18:42";24
"2020-12-03T18:47";24
"2020-12-03T18:53";32
"2020-12-03T18:58";32
"2020-12-03T19:03";25
"2020-12-03T19:08";27
"2020-12-03T19:13";20
"2020-12-03T19:18";27
"2020-12-03T19:23";18
"2020-12-03T19:28";23
"2020-12-03T19:34";8
"2020-12-03T19:39";7
"2020-12-03T19:44";5
"2020-12-03T19:49";4
"2020-12-03T19:54";4
"2020-12-03T19:59";4
"2020-12-03T20:04";4
"2020-12-03T20:09";4
"2020-12-03T20:14";5
"2020-12-03T20:20";6
"2020-12-03T20:25";4
"2020-12-03T20:30";5
"2020-12-03T20:35";5
"2020-12-03T20:40";4
"2020-12-03T20:45";3
"2020-12-03T20:50";3
"2020-12-03T20:55";3
"2020-12-03T21:01";3
"2020-12-03T21:06";3
"2020-12-03T21:11";4
"2020-12-03T21:16";4
"2020-12-03T21:21";5
"2020-12-03T21:26";3
"2020-12-03T21:31";3
"2020-12-03T21:36";4
"2020-12-03T21:41";3
"2020-12-03T21:47";5
"2020-12-03T21:52";4
"2020-12-03T21:57";4
"2020-12-03T22:02";3
"2020-12-03T22:07";3
"2020-12-03T22:12";3
"2020-12-03T22:17";6
"2020-12-03T22:22";7
"2020-12-03T22:28";3
"2020-12-03T22:33";4
"2020-12-03T22:38";4
"2020-12-03T22:43";5
"2020-12-03T22:48";4
"2020-12-03T22:53";5
"2020-12-03T22:58";3
"2020-12-03T23:04";5
"2020-12-03T23:09";4
"2020-12-03T23:14";5
"2020-12-03T23:19";3
"2020-12-03T23:24";3
"2020-12-03T23:29";5
"2020-12-03T23:34";7
"2020-12-03T23:45";4
"2020-12-03T23:50";4
"2020-12-03T23:55";4
"2020-12-04T00:00";4
"2020-12-04T00:05";4
"2020-12-04T00:10";4
"2020-12-04T00:15";4
"2020-12-04T00:20";7
"2020-12-04T00:26";4
"2020-12-04T00:31";4
"2020-12-04T00:36";5
"2020-12-04T00:41";4
"2020-12-04T00:46";5
"2020-12-04T00:51";4
"2020-12-04T00:56";5
"2020-12-04T01:07";5
"2020-12-04T01:12";3
"2020-12-04T01:17";5
"2020-12-04T01:22";4
"2020-12-04T01:27";4
"2020-12-04T01:37";4
"2020-12-04T01:42";4
"2020-12-04T01:48";4
"2020-12-04T01:53";4
"2020-12-04T01:58";4
"2020-12-04T02:03";5
"2020-12-04T02:08";5
"2020-12-04T02:13";4
"2020-12-04T02:18";4
"2020-12-04T02:23";4
"2020-12-04T02:28";4
"2020-12-04T02:34";5
"2020-12-04T02:39";4
"2020-12-04T02:44";5
"2020-12-04T02:49";4
"2020-12-04T02:54";4
"2020-12-04T02:59";4
"2020-12-04T03:04";3
"2020-12-04T03:09";4
"2020-12-04T03:15";4
"2020-12-04T03:20";4
"2020-12-04T03:25";4
"2020-12-04T03:30";4
"2020-12-04T03:35";4
"2020-12-04T03:40";5
"2020-12-04T03:45";4
"2020-12-04T03:51";4
"2020-12-04T03:56";4
"2020-12-04T04:01";4
"2020-12-04T04:06";4
"2020-12-04T04:11";5
"2020-12-04T04:21";3
"2020-12-04T04:26";5
"2020-12-04T04:32";5
"2020-12-04T04:37";4
"2020-12-04T04:42";4
"2020-12-04T04:47";4
"2020-12-04T04:52";4
"2020-12-04T04:57";4
"2020-12-04T05:02";4
"2020-12-04T05:07";4
"2020-12-04T05:12";4
"2020-12-04T05:18";5
"2020-12-04T05:23";4
"2020-12-04T05:28";3
"2020-12-04T05:33";4
"2020-12-04T05:38";4
"2020-12-04T05:43";5
"2020-12-04T05:48";4
"2020-12-04T05:53";4
"2020-12-04T05:59";5
"2020-12-04T06:04";9
"2020-12-04T06:09";6
"2020-12-04T06:14";3
"2020-12-04T06:19";4
"2020-12-04T06:24";4
"2020-12-04T06:29";4
"2020-12-04T06:34";3
"2020-12-04T06:39";6
"2020-12-04T06:44";4
"2020-12-04T06:50";5
"2020-12-04T06:55";4
"2020-12-04T07:00";4
"2020-12-04T07:05";4
"2020-12-04T07:10";4
"2020-12-04T07:15";5
"2020-12-04T07:20";4
"2020-12-04T07:25";4
"2020-12-04T07:31";4
"2020-12-04T07:36";4
"2020-12-04T07:41";4
"2020-12-04T07:46";5
"2020-12-04T07:51";4
"2020-12-04T07:56";4
"2020-12-04T08:01";4
"2020-12-04T08:06";6
"2020-12-04T08:12";4
"2020-12-04T08:17";6
"2020-12-04T08:22";4
"2020-12-04T08:27";4
"2020-12-04T08:32";5
"2020-12-04T08:37";4
"2020-12-04T08:42";4
"2020-12-04T08:53";5
"2020-12-04T08:58";4
"2020-12-04T09:03";5
"2020-12-04T09:08";4
"2020-12-04T09:13";4
"2020-12-04T09:18";4
"2020-12-04T09:23";4
"2020-12-04T09:28";4
"2020-12-04T09:33";4
"2020-12-04T09:39";3
"2020-12-04T09:44";3
"2020-12-04T09:49";3
"2020-12-04T09:54";4
"2020-12-04T09:59";3
"2020-12-04T10:04";3
"2020-12-04T10:09";3
"2020-12-04T10:15";4
"2020-12-04T10:20";3
"2020-12-04T10:25";3
"2020-12-04T10:30";2
"2020-12-04T10:35";3
"2020-12-04T10:40";2
"2020-12-04T10:45";3
"2020-12-04T10:50";3
"2020-12-04T10:55";4
"2020-12-04T11:01";4
"2020-12-04T11:06";6
"2020-12-04T11:11";6
"2020-12-04T11:16";5
"2020-12-04T11:21";5
"2020-12-04T11:26";4
"2020-12-04T11:31";5
"2020-12-04T11:36";5
"2020-12-04T11:42";4
"2020-12-04T11:47";5
"2020-12-04T11:52";3
"2020-12-04T11:57";4
"2020-12-04T12:02";4
"2020-12-04T12:07";4
"2020-12-04T12:12";4
"2020-12-04T12:17";4
"2020-12-04T12:22";4
"2020-12-04T12:28";4
"2020-12-04T12:33";5
"2020-12-04T12:38";5
"2020-12-04T12:43";4
"2020-12-04T12:48";5
"2020-12-04T12:53";4
"2020-12-04T12:58";5
"2020-12-04T13:03";4
"2020-12-04T13:08";4
"2020-12-04T13:14";4
"2020-12-04T13:19";4
"2020-12-04T13:24";3
"2020-12-04T13:29";4
"2020-12-04T13:34";4
"2020-12-04T13:39";5
"2020-12-04T13:44";4
"2020-12-04T13:50";5
"2020-12-04T13:55";3
"2020-12-04T14:00";3
"2020-12-04T14:05";4
"2020-12-04T14:10";3
"2020-12-04T14:15";3
"2020-12-04T14:20";4
"2020-12-04T14:25";4
"2020-12-04T14:30";4
"2020-12-04T14:36";4
"2020-12-04T14:41";4
"2020-12-04T14:46";4
"2020-12-04T14:51";5
"2020-12-04T14:56";3
"2020-12-04T15:01";5
"2020-12-04T15:06";4
"2020-12-04T15:11";6
"2020-12-04T15:17";3
"2020-12-04T15:22";3
"2020-12-04T15:27";3
"2020-12-04T15:32";3
"2020-12-04T15:37";3
"2020-12-04T15:42";4
"2020-12-04T15:47";3
"2020-12-04T15:52";5
"2020-12-04T15:58";3
"2020-12-04T16:03";4
"2020-12-04T16:08";3
"2020-12-04T16:13";4
"2020-12-04T16:18";3
"2020-12-04T16:23";6
"2020-12-04T16:28";3
"2020-12-04T16:34";6
"2020-12-04T16:39";5
"2020-12-04T16:44";3
"2020-12-04T16:49";4
"2020-12-04T16:54";4
"2020-12-04T16:59";3
"2020-12-04T17:04";4
"2020-12-04T17:09";4
"2020-12-04T17:14";4
"2020-12-04T17:20";5
"2020-12-04T17:25";5
"2020-12-04T17:30";4
"2020-12-04T17:35";4
"2020-12-04T17:40";5
"2020-12-04T17:45";5
"2020-12-04T17:50";3
"2020-12-04T17:55";5
"2020-12-04T18:00";4
"2020-12-04T18:06";4
"2020-12-04T18:11";5
"2020-12-04T18:16";5
"2020-12-04T18:21";4
"2020-12-04T18:26";5
"2020-12-04T18:31";6
"2020-12-04T18:36";5
"2020-12-04T18:41";4
"2020-12-04T18:47";4
"2020-12-04T18:52";4
"2020-12-04T18:57";4
"2020-12-04T19:02";5
"2020-12-04T19:07";4
"2020-12-04T19:12";5
"2020-12-04T19:17";6
"2020-12-04T19:22";5
"2020-12-04T19:28";4
"2020-12-04T19:33";6
"2020-12-04T19:38";4
"2020-12-04T19:43";6
"2020-12-04T19:48";5
"2020-12-04T19:53";5
"2020-12-04T19:58";4
"2020-12-04T20:03";5
"2020-12-04T20:08";4
"2020-12-04T20:14";5
"2020-12-04T20:19";5
"2020-12-04T20:24";5
"2020-12-04T20:29";4
"2020-12-04T20:34";4
"2020-12-04T20:39";5
"2020-12-04T20:44";5
"2020-12-04T20:49";3
"2020-12-04T20:55";4
"2020-12-04T21:00";6
"2020-12-04T21:05";4
"2020-12-04T21:10";4
"2020-12-04T21:15";5
"2020-12-04T21:20";4
"2020-12-04T21:25";5
"2020-12-04T21:30";4
"2020-12-04T21:35";4
"2020-12-04T21:41";4
"2020-12-04T21:46";4
"2020-12-04T21:51";4
"2020-12-04T21:56";4
"2020-12-04T22:01";4
"2020-12-04T22:06";4
"2020-12-04T22:11";4
"2020-12-04T22:21";4
"2020-12-04T22:27";5
"2020-12-04T22:32";4
"2020-12-04T22:37";4
"2020-12-04T22:42";5
"2020-12-04T22:47";3
"2020-12-04T22:52";3
"2020-12-04T22:57";3
"2020-12-04T23:02";3
"2020-12-04T23:08";3
"2020-12-04T23:13";3
"2020-12-04T23:18";3
"2020-12-04T23:23";3
"2020-12-04T23:28";3
"2020-12-04T23:33";3
"2020-12-04T23:38";2
"2020-12-04T23:43";3
"2020-12-04T23:48";3
"2020-12-04T23:54";2
"2020-12-04T23:59";3
"2020-12-05T00:04";3
"2020-12-05T00:09";3
"2020-12-05T00:14";3
"2020-12-05T00:19";2
"2020-12-05T00:24";3
"2020-12-05T00:30";2
"2020-12-05T00:35";3
"2020-12-05T00:40";3
"2020-12-05T00:45";3
"2020-12-05T00:50";2
"2020-12-05T00:55";3
"2020-12-05T01:01";3
"2020-12-05T01:06";2
"2020-12-05T01:16";3
"2020-12-05T01:21";3
"2020-12-05T01:26";3
"2020-12-05T01:31";3
"2020-12-05T01:36";5
"2020-12-05T01:42";4
"2020-12-05T01:47";5
"2020-12-05T01:52";4
"2020-12-05T01:57";5
"2020-12-05T02:02";5
"2020-12-05T02:07";4
"2020-12-05T02:12";5
"2020-12-05T02:17";5
"2020-12-05T02:23";4
"2020-12-05T02:28";5
"2020-12-05T02:33";5
"2020-12-05T02:38";5
"2020-12-05T02:43";5
"2020-12-05T02:48";6
"2020-12-05T02:53";4
"2020-12-05T02:58";4
"2020-12-05T03:03";3
"2020-12-05T03:09";6
"2020-12-05T03:14";6
"2020-12-05T03:19";5
"2020-12-05T03:24";4
"2020-12-05T03:29";6
"2020-12-05T03:34";5
"2020-12-05T03:39";4
"2020-12-05T03:44";3
"2020-12-05T03:50";4
"2020-12-05T03:55";4
"2020-12-05T04:00";5
"2020-12-05T04:05";4
"2020-12-05T04:10";3
"2020-12-05T04:15";6
"2020-12-05T04:20";3
"2020-12-05T04:25";5
"2020-12-05T04:30";3
"2020-12-05T04:36";3
"2020-12-05T04:41";4
"2020-12-05T04:46";5
"2020-12-05T04:51";4
"2020-12-05T04:56";5
"2020-12-05T05:01";4
"2020-12-05T05:06";7
"2020-12-05T05:11";4
"2020-12-05T05:17";4
"2020-12-05T05:22";4
"2020-12-05T05:27";4
"2020-12-05T05:32";4
"2020-12-05T05:37";5
"2020-12-05T05:42";4
"2020-12-05T05:47";4
"2020-12-05T05:53";6
"2020-12-05T05:58";4
"2020-12-05T06:03";4
"2020-12-05T06:08";5
"2020-12-05T06:18";5
"2020-12-05T06:23";6
"2020-12-05T06:28";6
"2020-12-05T06:39";4
"2020-12-05T06:44";5
"2020-12-05T06:54";4
"2020-12-05T06:59";5
"2020-12-05T07:04";6
"2020-12-05T07:09";4
"2020-12-05T07:15";7
"2020-12-05T07:20";5
"2020-12-05T07:25";8
"2020-12-05T07:30";6
"2020-12-05T07:35";8
"2020-12-05T07:40";6
"2020-12-05T07:45";2
"2020-12-05T07:50";3
"2020-12-05T07:55";6
"2020-12-05T08:01";5
"2020-12-05T08:06";8
"2020-12-05T08:11";6
"2020-12-05T08:16";7
"2020-12-05T08:21";4
"2020-12-05T08:26";8
"2020-12-05T08:31";5
"2020-12-05T08:36";7
"2020-12-05T08:42";5
"2020-12-05T08:47";5
"2020-12-05T08:52";6
"2020-12-05T08:57";4
"2020-12-05T09:02";5
"2020-12-05T09:07";5
"2020-12-05T09:12";5
"2020-12-05T09:17";4
"2020-12-05T09:23";5
"2020-12-05T09:28";4
"2020-12-05T09:33";6
"2020-12-05T09:38";5
"2020-12-05T09:43";6
"2020-12-05T09:48";5
"2020-12-05T09:53";4
"2020-12-05T09:58";7
"2020-12-05T10:03";8
"2020-12-05T10:09";8
"2020-12-05T10:14";5
"2020-12-05T10:19";5
"2020-12-05T10:24";6
"2020-12-05T10:29";5
"2020-12-05T10:34";5
"2020-12-05T10:39";4
"2020-12-05T10:45";5
"2020-12-05T10:50";5
"2020-12-05T10:55";5
"2020-12-05T11:00";5
"2020-12-05T11:05";7
"2020-12-05T11:10";5
"2020-12-05T11:15";3
"2020-12-05T11:20";3
"2020-12-05T11:26";3
"2020-12-05T11:31";4
"2020-12-05T11:36";3
"2020-12-05T11:41";2
"2020-12-05T11:46";4
"2020-12-05T11:51";4
"2020-12-05T11:56";3
"2020-12-05T12:01";3
"2020-12-05T12:07";2
"2020-12-05T12:12";3
"2020-12-05T12:17";3
"2020-12-05T12:22";3
"2020-12-05T12:27";3
"2020-12-05T12:32";3
"2020-12-05T12:37";3
"2020-12-05T12:42";2
"2020-12-05T12:48";3
"2020-12-05T12:53";3
"2020-12-05T12:58";3
"2020-12-05T13:03";3
"2020-12-05T13:08";3
"2020-12-05T13:13";2
"2020-12-05T13:18";2
"2020-12-05T13:23";3
"2020-12-05T13:29";3
"2020-12-05T13:34";3
"2020-12-05T13:39";3
"2020-12-05T13:44";3
"2020-12-05T13:49";2
"2020-12-05T13:54";3
"2020-12-05T13:59";3
"2020-12-05T14:04";3
"2020-12-05T14:10";2
"2020-12-05T14:15";3
"2020-12-05T14:20";3
"2020-12-05T14:25";2
"2020-12-05T14:30";3
"2020-12-05T14:35";2
"2020-12-05T14:40";3
"2020-12-05T14:46";3
"2020-12-05T14:51";2
"2020-12-05T14:56";2
"2020-12-05T15:01";3
"2020-12-05T15:06";3
"2020-12-05T15:11";3
"2020-12-05T15:16";2
"2020-12-05T15:21";3
"2020-12-05T15:26";3
"2020-12-05T15:32";3
"2020-12-05T15:37";3
"2020-12-05T15:42";3
"2020-12-05T15:47";2
"2020-12-05T15:52";2
"2020-12-05T15:57";3
"2020-12-05T16:02";3
"2020-12-05T16:07";3
"2020-12-05T16:13";3
"2020-12-05T16:18";3
"2020-12-05T16:23";2
"2020-12-05T16:28";3
"2020-12-05T16:33";2
"2020-12-05T16:38";3
"2020-12-05T16:43";2
"2020-12-05T16:48";3
"2020-12-05T16:54";3
"2020-12-05T16:59";2
"2020-12-05T17:04";4
"2020-12-05T17:09";5
"2020-12-05T17:14";5
"2020-12-05T17:19";8
"2020-12-05T17:24";6
"2020-12-05T17:29";5
"2020-12-05T17:34";7
"2020-12-05T17:40";4
"2020-12-05T17:45";5
"2020-12-05T17:50";6
"2020-12-05T17:55";6
"2020-12-05T18:00";5
"2020-12-05T18:05";6
"2020-12-05T18:10";3
"2020-12-05T18:15";2
"2020-12-05T18:21";5
"2020-12-05T18:26";4
"2020-12-05T18:31";5
"2020-12-05T18:36";5
"2020-12-05T18:41";5
"2020-12-05T18:46";5
"2020-12-05T18:51";4
"2020-12-05T18:56";5
"2020-12-05T19:02";4
"2020-12-05T19:07";4
"2020-12-05T19:12";4
"2020-12-05T19:17";6
"2020-12-05T19:22";6
"2020-12-05T19:27";6
"2020-12-05T19:32";4
"2020-12-05T19:37";4
"2020-12-05T19:43";3
"2020-12-05T19:48";5
"2020-12-05T19:53";4
"2020-12-05T19:58";6
"2020-12-05T20:03";4
"2020-12-05T20:08";5
"2020-12-05T20:13";4
"2020-12-05T20:18";4
"2020-12-05T20:24";5
"2020-12-05T20:29";3
"2020-12-05T20:34";10
"2020-12-05T20:39";7
"2020-12-05T20:44";6
"2020-12-05T20:49";4
"2020-12-05T20:59";7
"2020-12-05T21:05";5
"2020-12-05T21:10";4
"2020-12-05T21:15";5
"2020-12-05T21:20";5
"2020-12-05T21:25";5
"2020-12-05T21:30";3
"2020-12-05T21:35";3
"2020-12-05T21:41";3
"2020-12-05T21:46";4
"2020-12-05T21:51";4
"2020-12-05T21:56";5
"2020-12-05T22:01";4
"2020-12-05T22:06";3
"2020-12-05T22:11";3
"2020-12-05T22:16";7
"2020-12-05T22:21";4
"2020-12-05T22:27";5
"2020-12-05T22:32";4
"2020-12-05T22:37";3
"2020-12-05T22:42";4
"2020-12-05T22:47";4
"2020-12-05T22:52";4
"2020-12-05T22:57";3
"2020-12-05T23:03";3
"2020-12-05T23:08";4
"2020-12-05T23:13";4
"2020-12-05T23:18";3
"2020-12-05T23:23";3
"2020-12-05T23:28";4
"2020-12-05T23:33";3
"2020-12-05T23:39";4
"2020-12-05T23:44";3
"2020-12-05T23:49";4
"2020-12-05T23:54";4
"2020-12-05T23:59";3
"2020-12-06T00:04";4
"2020-12-06T00:09";5
"2020-12-06T00:14";7
"2020-12-06T00:19";5
"2020-12-06T00:24";3
"2020-12-06T00:30";8
"2020-12-06T00:35";4
"2020-12-06T00:40";6
"2020-12-06T00:45";6
"2020-12-06T00:50";5
"2020-12-06T00:55";4
"2020-12-06T01:00";4
"2020-12-06T01:05";4
"2020-12-06T01:11";6
"2020-12-06T01:16";8
"2020-12-06T01:21";5
"2020-12-06T01:26";5
"2020-12-06T01:31";5
"2020-12-06T01:36";4
"2020-12-06T01:41";7
"2020-12-06T01:46";6
"2020-12-06T01:52";7
"2020-12-06T01:57";5
"2020-12-06T02:02";5
"2020-12-06T02:07";4
"2020-12-06T02:12";7
"2020-12-06T02:17";4
"2020-12-06T02:22";5
"2020-12-06T02:27";6
"2020-12-06T02:33";6
"2020-12-06T02:38";4
"2020-12-06T02:43";5
"2020-12-06T02:48";4
"2020-12-06T02:53";3
"2020-12-06T02:58";5
"2020-12-06T03:03";4
"2020-12-06T03:08";3
"2020-12-06T03:13";4
"2020-12-06T03:19";4
"2020-12-06T03:24";4
"2020-12-06T03:29";3
"2020-12-06T03:34";3
"2020-12-06T03:39";4
"2020-12-06T03:44";4
"2020-12-06T03:49";5
"2020-12-06T03:55";5
"2020-12-06T04:00";3
"2020-12-06T04:05";4
"2020-12-06T04:10";4
"2020-12-06T04:15";4
"2020-12-06T04:20";5
"2020-12-06T04:25";4
"2020-12-06T04:30";4
"2020-12-06T04:36";5
"2020-12-06T04:41";3
"2020-12-06T04:46";5
"2020-12-06T04:51";5
"2020-12-06T04:56";4
"2020-12-06T05:01";5
"2020-12-06T05:06";4
"2020-12-06T05:11";4
"2020-12-06T05:22";3
"2020-12-06T05:27";5
"2020-12-06T05:37";4
"2020-12-06T05:42";5
"2020-12-06T05:47";4
"2020-12-06T05:52";5
"2020-12-06T05:58";4
"2020-12-06T06:03";4
"2020-12-06T06:08";5
"2020-12-06T06:13";5
"2020-12-06T06:18";5
"2020-12-06T06:23";5
"2020-12-06T06:28";4
"2020-12-06T06:34";4
"2020-12-06T06:39";5
"2020-12-06T06:44";5
"2020-12-06T06:49";3
"2020-12-06T06:54";4
"2020-12-06T06:59";4
"2020-12-06T07:04";5
"2020-12-06T07:09";4
"2020-12-06T07:15";4
"2020-12-06T07:20";6
"2020-12-06T07:25";4
"2020-12-06T07:30";3
"2020-12-06T07:35";4
"2020-12-06T07:40";3
"2020-12-06T07:45";4
"2020-12-06T07:50";3
"2020-12-06T07:56";3
"2020-12-06T08:01";4
"2020-12-06T08:06";3
"2020-12-06T08:11";8
"2020-12-06T08:16";5
"2020-12-06T08:21";11
"2020-12-06T08:26";4
"2020-12-06T08:31";7
"2020-12-06T08:37";4
"2020-12-06T08:42";6
"2020-12-06T08:47";5
"2020-12-06T08:52";6
"2020-12-06T08:57";4
"2020-12-06T09:02";4
"2020-12-06T09:07";4
"2020-12-06T09:12";4
"2020-12-06T09:18";4
"2020-12-06T09:23";4
"2020-12-06T09:28";3
"2020-12-06T09:33";4
"2020-12-06T09:38";5
"2020-12-06T09:43";4
"2020-12-06T09:48";4
"2020-12-06T09:53";5
"2020-12-06T09:59";5
"2020-12-06T10:04";4
"2020-12-06T10:09";6
"2020-12-06T10:14";6
"2020-12-06T10:19";4
"2020-12-06T10:24";4
"2020-12-06T10:29";5
"2020-12-06T10:34";3
"2020-12-06T10:40";4
"2020-12-06T10:45";6
"2020-12-06T10:50";4
"2020-12-06T10:55";4
"2020-12-06T11:00";4
"2020-12-06T11:05";4
"2020-12-06T11:10";4
"2020-12-06T11:15";5
"2020-12-06T11:21";5
"2020-12-06T11:26";5
"2020-12-06T11:31";6
"2020-12-06T11:36";5
"2020-12-06T11:41";4
"2020-12-06T11:46";6
"2020-12-06T11:51";5
"2020-12-06T11:57";5
"2020-12-06T12:02";5
"2020-12-06T12:07";6
"2020-12-06T12:12";5
"2020-12-06T12:17";6
"2020-12-06T12:22";8
"2020-12-06T12:27";5
"2020-12-06T12:32";5
"2020-12-06T12:38";4
"2020-12-06T12:43";8
"2020-12-06T12:48";4
"2020-12-06T12:53";6
"2020-12-06T12:58";6
"2020-12-06T13:03";6
"2020-12-06T13:08";6
"2020-12-06T13:13";5
"2020-12-06T13:19";4
"2020-12-06T13:24";5
"2020-12-06T13:29";5
"2020-12-06T13:34";4
"2020-12-06T13:39";5
"2020-12-06T13:44";5
"2020-12-06T13:49";4
"2020-12-06T13:54";6
"2020-12-06T14:00";7
"2020-12-06T14:05";7
"2020-12-06T14:10";5
"2020-12-06T14:15";7
"2020-12-06T14:20";6
"2020-12-06T14:25";7
"2020-12-06T14:30";6
"2020-12-06T14:35";8
"2020-12-06T14:41";5
"2020-12-06T14:46";6
"2020-12-06T14:51";6
"2020-12-06T14:56";5
"2020-12-06T15:01";6
"2020-12-06T15:06";6
"2020-12-06T15:11";8
"2020-12-06T15:17";6
"2020-12-06T15:22";5
"2020-12-06T15:27";5
"2020-12-06T15:32";5
"2020-12-06T15:37";6
"2020-12-06T15:42";8
"2020-12-06T15:47";7
"2020-12-06T15:52";5
"2020-12-06T15:57";6
"2020-12-06T16:02";6
"2020-12-06T16:08";7
"2020-12-06T16:13";5
"2020-12-06T16:18";5
"2020-12-06T16:23";5
"2020-12-06T16:28";6
"2020-12-06T16:33";6
"2020-12-06T16:38";5
"2020-12-06T16:43";6
"2020-12-06T16:49";5
"2020-12-06T16:54";6
"2020-12-06T16:59";6
"2020-12-06T17:04";6
"2020-12-06T17:09";6
"2020-12-06T17:14";4
"2020-12-06T17:25";6
"2020-12-06T17:30";4
"2020-12-06T17:35";5
"2020-12-06T17:40";6
"2020-12-06T17:45";5
"2020-12-06T17:50";5
"2020-12-06T17:55";5
"2020-12-06T18:00";5
"2020-12-06T18:06";8
"2020-12-06T18:11";6
"2020-12-06T18:16";6
"2020-12-06T18:21";6
"2020-12-06T18:26";8
"2020-12-06T18:31";6
"2020-12-06T18:36";5
"2020-12-06T18:41";5
"2020-12-06T18:47";5
"2020-12-06T18:52";6
"2020-12-06T18:57";5
"2020-12-06T19:02";5
"2020-12-06T19:07";5
"2020-12-06T19:12";5
"2020-12-06T19:17";6
"2020-12-06T19:22";5
"2020-12-06T19:28";5
"2020-12-06T19:33";4
"2020-12-06T19:38";5
"2020-12-06T19:43";6
"2020-12-06T19:48";5
"2020-12-06T19:53";5
"2020-12-06T19:58";5
"2020-12-06T20:03";6
"2020-12-06T20:08";8
"2020-12-06T20:14";4
"2020-12-06T20:19";4
"2020-12-06T20:24";4
"2020-12-06T20:29";4
"2020-12-06T20:34";6
"2020-12-06T20:39";4
"2020-12-06T20:44";5
"2020-12-06T20:55";5
"2020-12-06T21:00";7
"2020-12-06T21:05";7
"2020-12-06T21:10";7
"2020-12-06T21:15";6
"2020-12-06T21:20";6
"2020-12-06T21:25";6
"2020-12-06T21:31";6
"2020-12-06T21:36";5
"2020-12-06T21:41";7
"2020-12-06T21:46";6
"2020-12-06T21:51";6
"2020-12-06T21:56";5
"2020-12-06T22:01";4
"2020-12-06T22:07";5
"2020-12-06T22:12";6
"2020-12-06T22:17";5
"2020-12-06T22:22";5
"2020-12-06T22:27";4
"2020-12-06T22:32";5
"2020-12-06T22:37";6
"2020-12-06T22:42";4
"2020-12-06T22:47";4
"2020-12-06T22:53";5
"2020-12-06T22:58";4
"2020-12-06T23:03";4
"2020-12-06T23:08";5
"2020-12-06T23:13";6
"2020-12-06T23:18";6
"2020-12-06T23:23";5
"2020-12-06T23:28";6
"2020-12-06T23:34";6
"2020-12-06T23:39";6
"2020-12-06T23:44";5
"2020-12-06T23:49";5
"2020-12-06T23:54";5
"2020-12-06T23:59";6
"2020-12-07T00:04";5
"2020-12-07T00:09";8
"2020-12-07T00:14";5
"2020-12-07T00:19";5
"2020-12-07T00:25";6
"2020-12-07T00:30";6
"2020-12-07T00:35";7
"2020-12-07T00:40";5
"2020-12-07T00:50";5
"2020-12-07T00:55";4
"2020-12-07T01:00";4
"2020-12-07T01:05";6
"2020-12-07T01:11";4
"2020-12-07T01:16";7
"2020-12-07T01:21";7
"2020-12-07T01:26";9
"2020-12-07T01:31";8
"2020-12-07T01:36";7
"2020-12-07T01:46";9
"2020-12-07T01:51";6
"2020-12-07T01:57";9
"2020-12-07T02:02";8
"2020-12-07T02:07";19
"2020-12-07T02:12";9
"2020-12-07T02:17";7
"2020-12-07T02:22";7
"2020-12-07T02:27";9
"2020-12-07T02:32";6
"2020-12-07T02:37";5
"2020-12-07T02:43";6
"2020-12-07T02:48";6
"2020-12-07T02:53";5
"2020-12-07T02:58";7
"2020-12-07T03:03";5
"2020-12-07T03:08";9
"2020-12-07T03:13";5
"2020-12-07T03:18";6
"2020-12-07T03:23";4
"2020-12-07T03:29";7
"2020-12-07T03:34";5
"2020-12-07T03:39";5
"2020-12-07T03:44";7
"2020-12-07T03:49";6
"2020-12-07T03:54";5
"2020-12-07T03:59";7
"2020-12-07T04:05";5
"2020-12-07T04:10";5
"2020-12-07T04:15";6
"2020-12-07T04:20";7
"2020-12-07T04:25";6
"2020-12-07T04:30";8
"2020-12-07T04:35";7
"2020-12-07T04:40";8
"2020-12-07T04:46";7
"2020-12-07T04:51";9
"2020-12-07T05:01";7
"2020-12-07T05:06";5
"2020-12-07T05:11";6
"2020-12-07T05:16";6
"2020-12-07T05:21";6
"2020-12-07T05:26";8
"2020-12-07T05:32";7
"2020-12-07T05:37";7
"2020-12-07T05:42";7
"2020-12-07T05:47";6
"2020-12-07T05:52";6
"2020-12-07T05:57";5
"2020-12-07T06:02";6
"2020-12-07T06:08";8
"2020-12-07T06:13";5
"2020-12-07T06:18";5
"2020-12-07T06:23";5
"2020-12-07T06:28";6
"2020-12-07T06:33";8
"2020-12-07T06:38";5
"2020-12-07T06:43";6
"2020-12-07T06:49";4
"2020-12-07T06:54";6
"2020-12-07T06:59";6
"2020-12-07T07:04";5
"2020-12-07T07:09";6
"2020-12-07T07:14";6
"2020-12-07T07:19";5
"2020-12-07T07:24";8
"2020-12-07T07:30";6
"2020-12-07T07:35";6
"2020-12-07T07:40";6
"2020-12-07T07:45";7
"2020-12-07T07:50";8
"2020-12-07T07:55";4
"2020-12-07T08:00";6
"2020-12-07T08:05";5
"2020-12-07T08:11";5
"2020-12-07T08:16";6
"2020-12-07T08:21";6
"2020-12-07T08:26";6
"2020-12-07T08:31";4
"2020-12-07T08:36";5
"2020-12-07T08:41";6
"2020-12-07T08:46";5
"2020-12-07T08:51";5
"2020-12-07T08:57";6
"2020-12-07T09:02";6
"2020-12-07T09:07";6
"2020-12-07T09:12";6
"2020-12-07T09:17";6
"2020-12-07T09:22";6
"2020-12-07T09:27";6
"2020-12-07T09:32";5
"2020-12-07T09:37";6
"2020-12-07T09:43";5
"2020-12-07T09:48";4
"2020-12-07T09:53";5
"2020-12-07T09:58";4
"2020-12-07T10:03";4
"2020-12-07T10:08";7
"2020-12-07T10:18";6
"2020-12-07T10:24";5
"2020-12-07T10:29";6
"2020-12-07T10:34";5
"2020-12-07T10:39";5
"2020-12-07T10:44";6
"2020-12-07T10:49";5
"2020-12-07T10:54";5
"2020-12-07T11:00";5
"2020-12-07T11:05";6
"2020-12-07T11:10";5
"2020-12-07T11:15";8
"2020-12-07T11:20";6
"2020-12-07T11:25";6
"2020-12-07T11:30";11
"2020-12-07T11:35";6
"2020-12-07T11:41";10
"2020-12-07T11:46";7
"2020-12-07T11:51";8
"2020-12-07T11:56";11
"2020-12-07T12:01";6
"2020-12-07T12:06";7
"2020-12-07T12:11";5
"2020-12-07T12:16";5
"2020-12-07T12:22";6
"2020-12-07T12:27";5
"2020-12-07T12:32";6
"2020-12-07T12:37";5
"2020-12-07T12:42";5
"2020-12-07T12:47";4
"2020-12-07T12:52";8
"2020-12-07T12:57";6
"2020-12-07T13:02";5
"2020-12-07T13:08";6
"2020-12-07T13:13";5
"2020-12-07T13:18";6
"2020-12-07T13:23";6
"2020-12-07T13:28";4
"2020-12-07T13:33";5
"2020-12-07T13:38";6
"2020-12-07T13:43";5
"2020-12-07T13:49";5
"2020-12-07T13:54";6
"2020-12-07T13:59";6
"2020-12-07T14:04";6
"2020-12-07T14:09";4
"2020-12-07T14:14";3
"2020-12-07T14:19";7
"2020-12-07T14:25";3
"2020-12-07T14:30";4
"2020-12-07T14:35";4
"2020-12-07T14:40";4
"2020-12-07T14:45";5
"2020-12-07T14:50";4
"2020-12-07T14:55";5
"2020-12-07T15:00";6
"2020-12-07T15:06";5
"2020-12-07T15:11";5
"2020-12-07T15:16";5
"2020-12-07T15:21";5
"2020-12-07T15:26";5
"2020-12-07T15:31";4
"2020-12-07T15:36";5
"2020-12-07T15:41";5
"2020-12-07T15:47";5
"2020-12-07T15:52";6
"2020-12-07T15:57";5
"2020-12-07T16:02";4
"2020-12-07T16:07";5
"2020-12-07T16:12";4
"2020-12-07T16:17";4
"2020-12-07T16:27";7
"2020-12-07T16:33";6
"2020-12-07T16:38";5
"2020-12-07T16:43";6
"2020-12-07T16:48";5
"2020-12-07T16:53";5
"2020-12-07T16:58";5
"2020-12-07T17:03";4
"2020-12-07T17:08";4
"2020-12-07T17:14";5
"2020-12-07T17:19";6
"2020-12-07T17:24";8
"2020-12-07T17:29";7
"2020-12-07T17:34";5
"2020-12-07T17:39";6
"2020-12-07T17:44";5
"2020-12-07T17:49";5
"2020-12-07T18:00";5
"2020-12-07T18:05";5
"2020-12-07T18:10";6
"2020-12-07T18:15";5
"2020-12-07T18:20";5
"2020-12-07T18:25";6
"2020-12-07T18:30";7
"2020-12-07T18:36";4
"2020-12-07T18:41";5
"2020-12-07T18:46";5
"2020-12-07T18:51";28
"2020-12-07T18:56";7
"2020-12-07T19:01";4
"2020-12-07T19:06";4
"2020-12-07T19:11";4
"2020-12-07T19:17";7
"2020-12-07T19:22";5
"2020-12-07T19:27";4
"2020-12-07T19:32";5
"2020-12-07T19:37";5
"2020-12-07T19:42";5
"2020-12-07T19:47";6
"2020-12-07T19:52";6
"2020-12-07T19:57";4
"2020-12-07T20:02";8
"2020-12-07T20:08";4
"2020-12-07T20:13";5
"2020-12-07T20:18";4
"2020-12-07T20:23";4
"2020-12-07T20:28";5
"2020-12-07T20:33";6
"2020-12-07T20:38";5
"2020-12-07T20:43";4
"2020-12-07T20:49";7
"2020-12-07T20:54";5
"2020-12-07T20:59";5
"2020-12-07T21:04";5
"2020-12-07T21:09";7
"2020-12-07T21:14";4
"2020-12-07T21:19";4
"2020-12-07T21:24";6
"2020-12-07T21:30";5
"2020-12-07T21:35";6
"2020-12-07T21:40";6
"2020-12-07T21:45";9
"2020-12-07T21:50";5
"2020-12-07T21:55";5
"2020-12-07T22:00";6
"2020-12-07T22:06";7
"2020-12-07T22:11";5
"2020-12-07T22:16";5
"2020-12-07T22:21";6
"2020-12-07T22:26";5
"2020-12-07T22:31";5
"2020-12-07T22:36";6
"2020-12-07T22:41";5
"2020-12-07T22:46";5
"2020-12-07T22:52";6
"2020-12-07T22:57";6
"2020-12-07T23:02";8
"2020-12-07T23:07";6
"2020-12-07T23:12";6
"2020-12-07T23:17";5
"2020-12-07T23:22";5
"2020-12-07T23:27";7
"2020-12-07T23:33";5
"2020-12-07T23:38";9
"2020-12-07T23:43";10
"2020-12-07T23:48";7
"2020-12-07T23:53";4
"2020-12-07T23:58";4
"2020-12-08T00:03";4
"2020-12-08T00:08";6
"2020-12-08T00:14";6
"2020-12-08T00:19";4
"2020-12-08T00:24";4
"2020-12-08T00:29";4
"2020-12-08T00:34";5
"2020-12-08T00:39";4
"2020-12-08T00:44";4
"2020-12-08T00:49";6
"2020-12-08T00:54";5
"2020-12-08T01:00";5
"2020-12-08T01:05";5
"2020-12-08T01:10";5
"2020-12-08T01:15";4
"2020-12-08T01:20";4
"2020-12-08T01:25";3
"2020-12-08T01:30";4
"2020-12-08T01:36";7
"2020-12-08T01:41";5
"2020-12-08T01:46";5
"2020-12-08T01:51";6
"2020-12-08T01:56";5
"2020-12-08T02:01";7
"2020-12-08T02:06";6
"2020-12-08T02:17";4
"2020-12-08T02:22";5
"2020-12-08T02:27";6
"2020-12-08T02:32";4
"2020-12-08T02:37";4
"2020-12-08T02:42";4
"2020-12-08T02:47";3
"2020-12-08T02:53";6
"2020-12-08T02:58";4
"2020-12-08T03:03";4
"2020-12-08T03:08";3
"2020-12-08T03:13";4
"2020-12-08T03:18";5
"2020-12-08T03:23";4
"2020-12-08T03:28";5
"2020-12-08T03:33";5
"2020-12-08T03:39";4
"2020-12-08T03:44";4
"2020-12-08T03:49";4
"2020-12-08T03:54";4
"2020-12-08T03:59";5
"2020-12-08T04:04";5
"2020-12-08T04:09";4
"2020-12-08T04:14";4
"2020-12-08T04:19";4
"2020-12-08T04:25";3
"2020-12-08T04:30";4
"2020-12-08T04:35";4
"2020-12-08T04:45";3
"2020-12-08T04:50";5
"2020-12-08T04:55";3
"2020-12-08T05:00";4
"2020-12-08T05:05";17
"2020-12-08T05:11";4
"2020-12-08T05:16";5
"2020-12-08T05:21";4
"2020-12-08T05:26";9
"2020-12-08T05:31";7
"2020-12-08T05:36";4
"2020-12-08T05:41";4
"2020-12-08T05:46";4
"2020-12-08T05:52";4
"2020-12-08T05:57";5
"2020-12-08T06:02";4
"2020-12-08T06:07";5
"2020-12-08T06:12";4
"2020-12-08T06:17";5
"2020-12-08T06:22";4
"2020-12-08T06:27";4
"2020-12-08T06:33";6
"2020-12-08T06:38";5
"2020-12-08T06:43";4
"2020-12-08T06:48";4
"2020-12-08T06:53";4
"2020-12-08T06:58";4
"2020-12-08T07:08";4
"2020-12-08T07:13";5
"2020-12-08T07:19";6
"2020-12-08T07:24";4
"2020-12-08T07:29";6
"2020-12-08T07:34";4
"2020-12-08T07:39";4
"2020-12-08T07:44";5
"2020-12-08T07:49";4
"2020-12-08T07:54";5
"2020-12-08T08:00";5
"2020-12-08T08:05";4
"2020-12-08T08:10";5
"2020-12-08T08:15";5
"2020-12-08T08:20";4
"2020-12-08T08:25";6
"2020-12-08T08:30";5
"2020-12-08T08:36";5
"2020-12-08T08:41";7
"2020-12-08T08:46";6
"2020-12-08T08:51";5
"2020-12-08T08:56";4
"2020-12-08T09:01";5
"2020-12-08T09:06";4
"2020-12-08T09:11";7
"2020-12-08T09:17";5
"2020-12-08T09:22";4
"2020-12-08T09:27";7
"2020-12-08T09:32";5
"2020-12-08T09:37";4
"2020-12-08T09:42";4
"2020-12-08T09:47";5
"2020-12-08T09:52";5
"2020-12-08T10:03";4
"2020-12-08T10:08";5
"2020-12-08T10:13";4
"2020-12-08T10:18";5
"2020-12-08T10:23";5
"2020-12-08T10:28";5
"2020-12-08T10:33";4
"2020-12-08T10:39";4
"2020-12-08T10:44";4
"2020-12-08T10:49";6
"2020-12-08T10:54";5
"2020-12-08T10:59";7
"2020-12-08T11:04";6
"2020-12-08T11:09";4
"2020-12-08T11:14";5
"2020-12-08T11:20";5
"2020-12-08T11:25";4
"2020-12-08T11:30";6
"2020-12-08T11:35";5
"2020-12-08T11:40";4
"2020-12-08T11:45";4
"2020-12-08T11:50";5
"2020-12-08T11:55";5
"2020-12-08T12:01";6
"2020-12-08T12:06";5
"2020-12-08T12:11";4
"2020-12-08T12:16";4
"2020-12-08T12:21";5
"2020-12-08T12:26";4
"2020-12-08T12:31";4
"2020-12-08T12:36";4
"2020-12-08T12:41";6
"2020-12-08T12:47";6
"2020-12-08T12:52";4
"2020-12-08T12:57";5
"2020-12-08T13:02";4
"2020-12-08T13:07";4
"2020-12-08T13:12";4
"2020-12-08T13:17";5
"2020-12-08T13:23";7
"2020-12-08T13:28";6
"2020-12-08T13:33";5
"2020-12-08T13:38";6
"2020-12-08T13:43";5
"2020-12-08T13:48";4
"2020-12-08T13:53";4
"2020-12-08T13:58";4
"2020-12-08T14:03";4
"2020-12-08T14:08";4
"2020-12-08T14:14";4
"2020-12-08T14:19";3
"2020-12-08T14:24";4
"2020-12-08T14:29";4
"2020-12-08T14:34";4
"2020-12-08T14:39";4
"2020-12-08T14:44";3
"2020-12-08T14:50";4
"2020-12-08T14:55";4
"2020-12-08T15:00";4
"2020-12-08T15:05";4
"2020-12-08T15:10";5
"2020-12-08T15:15";4
"2020-12-08T15:20";4
"2020-12-08T15:25";4
"2020-12-08T15:30";4
"2020-12-08T15:36";4
"2020-12-08T15:41";4
"2020-12-08T15:46";3
"2020-12-08T15:51";4
"2020-12-08T15:56";4
"2020-12-08T16:01";4
"2020-12-08T16:06";5
"2020-12-08T16:11";5
"2020-12-08T16:17";4
"2020-12-08T16:22";5
"2020-12-08T16:27";3
"2020-12-08T16:32";4
"2020-12-08T16:37";4
"2020-12-08T16:42";4
"2020-12-08T16:47";4
"2020-12-08T16:52";4
"2020-12-08T16:58";5
"2020-12-08T17:03";5
"2020-12-08T17:08";4
"2020-12-08T17:13";5
"2020-12-08T17:18";4
"2020-12-08T17:23";4
"2020-12-08T17:28";4
"2020-12-08T17:34";4
"2020-12-08T17:39";3
"2020-12-08T17:44";4
"2020-12-08T17:49";5
"2020-12-08T17:54";4
"2020-12-08T18:04";5
"2020-12-08T18:09";4
"2020-12-08T18:14";4
"2020-12-08T18:20";3
"2020-12-08T18:25";5
"2020-12-08T18:30";3
"2020-12-08T18:35";5
"2020-12-08T18:40";4
"2020-12-08T18:45";4
"2020-12-08T18:50";4
"2020-12-08T18:55";4
"2020-12-08T19:00";4
"2020-12-08T19:06";6
"2020-12-08T19:11";4
"2020-12-08T19:16";4
"2020-12-08T19:21";4
"2020-12-08T19:26";4
"2020-12-08T19:31";6
"2020-12-08T19:36";5
"2020-12-08T19:41";4
"2020-12-08T19:47";5
"2020-12-08T19:52";5
"2020-12-08T19:57";4
"2020-12-08T20:02";5
"2020-12-08T20:07";5
"2020-12-08T20:12";6
"2020-12-08T20:17";4
"2020-12-08T20:23";6
"2020-12-08T20:28";4
"2020-12-08T20:33";7
"2020-12-08T20:38";5
"2020-12-08T20:43";4
"2020-12-08T20:48";4
"2020-12-08T20:53";5
"2020-12-08T20:59";5
"2020-12-08T21:04";6
"2020-12-08T21:09";4
"2020-12-08T21:14";5
"2020-12-08T21:19";5
"2020-12-08T21:24";5
"2020-12-08T21:29";6
"2020-12-08T21:34";6
"2020-12-08T21:39";4
"2020-12-08T21:44";4
"2020-12-08T21:50";6
"2020-12-08T21:55";4
"2020-12-08T22:00";4
"2020-12-08T22:05";7
"2020-12-08T22:10";5
"2020-12-08T22:15";4
"2020-12-08T22:20";4
"2020-12-08T22:25";6
"2020-12-08T22:31";4
"2020-12-08T22:36";5
"2020-12-08T22:41";3
"2020-12-08T22:46";3
"2020-12-08T22:51";3
"2020-12-08T22:56";3
"2020-12-08T23:01";4
"2020-12-08T23:06";4
"2020-12-08T23:12";3
"2020-12-08T23:17";5
"2020-12-08T23:22";4
"2020-12-08T23:27";5
"2020-12-08T23:32";4
"2020-12-08T23:37";4
"2020-12-08T23:42";5
"2020-12-08T23:47";5
"2020-12-08T23:53";5
"2020-12-08T23:58";5
"2020-12-09T00:03";5
"2020-12-09T00:08";4
"2020-12-09T00:13";4
"2020-12-09T00:18";4
"2020-12-09T00:23";4
"2020-12-09T00:28";4
"2020-12-09T00:34";6
"2020-12-09T00:39";5
"2020-12-09T00:44";4
"2020-12-09T00:49";4
"2020-12-09T00:54";3
"2020-12-09T00:59";4
"2020-12-09T01:04";3
"2020-12-09T01:09";5
"2020-12-09T01:15";5
"2020-12-09T01:20";4
"2020-12-09T01:25";5
"2020-12-09T01:30";3
"2020-12-09T01:35";4
"2020-12-09T01:40";4
"2020-12-09T01:45";6
"2020-12-09T01:50";7
"2020-12-09T01:55";5
"2020-12-09T02:01";5
"2020-12-09T02:06";6
"2020-12-09T02:11";6
"2020-12-09T02:16";7
"2020-12-09T02:21";4
"2020-12-09T02:26";5
"2020-12-09T02:31";6
"2020-12-09T02:36";6
"2020-12-09T02:42";5
"2020-12-09T02:47";4
"2020-12-09T02:52";4
"2020-12-09T02:57";3
"2020-12-09T03:02";4
"2020-12-09T03:07";4
"2020-12-09T03:12";5
"2020-12-09T03:17";4
"2020-12-09T03:23";5
"2020-12-09T03:28";5
"2020-12-09T03:33";4
"2020-12-09T03:38";4
"2020-12-09T03:43";3
"2020-12-09T03:48";3
"2020-12-09T03:53";4
"2020-12-09T03:58";4
"2020-12-09T04:04";6
"2020-12-09T04:09";5
"2020-12-09T04:14";6
"2020-12-09T04:19";4
"2020-12-09T04:24";4
"2020-12-09T04:29";5
"2020-12-09T04:34";6
"2020-12-09T04:39";6
"2020-12-09T04:45";6
"2020-12-09T04:50";5
"2020-12-09T04:55";4
"2020-12-09T05:00";3
"2020-12-09T05:05";3
"2020-12-09T05:10";5
"2020-12-09T05:15";5
"2020-12-09T05:20";6
"2020-12-09T05:26";5
"2020-12-09T05:31";5
"2020-12-09T05:36";6
"2020-12-09T05:41";4
"2020-12-09T05:46";7
"2020-12-09T05:51";4
"2020-12-09T05:56";5
"2020-12-09T06:01";6
"2020-12-09T06:07";5
"2020-12-09T06:12";4
"2020-12-09T06:17";4
"2020-12-09T06:22";5
"2020-12-09T06:32";5
"2020-12-09T06:37";4
"2020-12-09T06:42";5
"2020-12-09T06:47";5
"2020-12-09T06:53";5
"2020-12-09T06:58";5
"2020-12-09T07:03";4
"2020-12-09T07:08";5
"2020-12-09T07:13";4
"2020-12-09T07:18";4
"2020-12-09T07:23";6
"2020-12-09T07:29";5
"2020-12-09T07:34";4
"2020-12-09T07:39";4
"2020-12-09T07:44";4
"2020-12-09T07:49";3
"2020-12-09T07:54";4
"2020-12-09T07:59";5
"2020-12-09T08:04";4
"2020-12-09T08:09";5
"2020-12-09T08:14";3
"2020-12-09T08:20";4
"2020-12-09T08:25";3
"2020-12-09T08:30";4
"2020-12-09T08:35";3
"2020-12-09T08:40";4
"2020-12-09T08:45";4
"2020-12-09T08:50";3
"2020-12-09T08:55";4
"2020-12-09T09:01";5
"2020-12-09T09:06";4
"2020-12-09T09:11";4
"2020-12-09T09:16";4
"2020-12-09T09:21";5
"2020-12-09T09:26";4
"2020-12-09T09:31";4
"2020-12-09T09:37";3
"2020-12-09T09:42";3
"2020-12-09T09:47";4
"2020-12-09T09:52";4
"2020-12-09T09:57";4
"2020-12-09T10:02";4
"2020-12-09T10:07";4
"2020-12-09T10:12";5
"2020-12-09T10:17";4
"2020-12-09T10:23";4
"2020-12-09T10:28";5
"2020-12-09T10:33";5
"2020-12-09T10:38";3
"2020-12-09T10:43";4
"2020-12-09T10:48";5
"2020-12-09T10:53";4
"2020-12-09T10:58";5
"2020-12-09T11:03";4
"2020-12-09T11:09";4
"2020-12-09T11:14";5
"2020-12-09T11:19";5
"2020-12-09T11:24";5
"2020-12-09T11:29";3
"2020-12-09T11:34";5
"2020-12-09T11:39";4
"2020-12-09T11:44";5
"2020-12-09T11:50";3
"2020-12-09T11:55";4
"2020-12-09T12:00";4
"2020-12-09T12:05";4
"2020-12-09T12:10";6
"2020-12-09T12:15";5
"2020-12-09T12:20";5
"2020-12-09T12:26";3
"2020-12-09T12:31";4
"2020-12-09T12:36";4
"2020-12-09T12:41";5
"2020-12-09T12:46";4
"2020-12-09T12:51";6
"2020-12-09T12:56";4
"2020-12-09T13:01";4
"2020-12-09T13:07";4
"2020-12-09T13:12";4
"2020-12-09T13:17";4
"2020-12-09T13:22";3
"2020-12-09T13:27";5
"2020-12-09T13:32";5
"2020-12-09T13:37";5
"2020-12-09T13:42";3
"2020-12-09T13:47";5
"2020-12-09T13:53";4
"2020-12-09T13:58";4
"2020-12-09T14:03";5
"2020-12-09T14:08";4
"2020-12-09T14:13";4
"2020-12-09T14:18";3
"2020-12-09T14:23";4
"2020-12-09T14:28";5
"2020-12-09T14:34";3
"2020-12-09T14:39";3
"2020-12-09T14:44";6
"2020-12-09T14:49";5
"2020-12-09T14:54";5
"2020-12-09T14:59";4
"2020-12-09T15:04";4
"2020-12-09T15:09";4
"2020-12-09T15:14";3
"2020-12-09T15:19";5
"2020-12-09T15:25";5
"2020-12-09T15:30";6
"2020-12-09T15:35";5
"2020-12-09T15:40";4
"2020-12-09T15:45";4
"2020-12-09T15:50";4
"2020-12-09T15:55";5
"2020-12-09T16:01";4
"2020-12-09T16:06";5
"2020-12-09T16:11";5
"2020-12-09T16:16";4
"2020-12-09T16:21";5
"2020-12-09T16:26";7
"2020-12-09T16:36";6
"2020-12-09T16:42";5
"2020-12-09T16:47";5
"2020-12-09T16:52";6
"2020-12-09T16:57";4
"2020-12-09T17:02";5
"2020-12-09T17:07";4
"2020-12-09T17:12";5
"2020-12-09T17:17";5
"2020-12-09T17:22";6
"2020-12-09T17:28";4
"2020-12-09T17:33";5
"2020-12-09T17:38";5
"2020-12-09T17:43";6
"2020-12-09T17:48";5
"2020-12-09T17:53";4
"2020-12-09T17:58";5
"2020-12-09T18:03";6
"2020-12-09T18:08";5
"2020-12-09T18:14";7
"2020-12-09T18:19";6
"2020-12-09T18:24";3
"2020-12-09T18:29";4
"2020-12-09T18:34";3
"2020-12-09T18:39";5
"2020-12-09T18:44";5
"2020-12-09T18:49";6
"2020-12-09T18:54";6
"2020-12-09T19:00";5
"2020-12-09T19:05";7
"2020-12-09T19:10";4
"2020-12-09T19:15";4
"2020-12-09T19:20";4
"2020-12-09T19:25";6
"2020-12-09T19:30";4
"2020-12-09T19:35";5
"2020-12-09T19:41";4
"2020-12-09T19:46";4
"2020-12-09T19:56";5
"2020-12-09T20:01";4
"2020-12-09T20:06";6
"2020-12-09T20:11";6
"2020-12-09T20:16";4
"2020-12-09T20:21";4
"2020-12-09T20:27";5
"2020-12-09T20:32";4
"2020-12-09T20:37";4
"2020-12-09T20:42";5
"2020-12-09T20:47";4
"2020-12-09T20:52";3
"2020-12-09T20:57";4
"2020-12-09T21:02";5
"2020-12-09T21:08";4
"2020-12-09T21:13";6
"2020-12-09T21:18";5
"2020-12-09T21:23";5
"2020-12-09T21:28";5
"2020-12-09T21:33";6
"2020-12-09T21:38";6
"2020-12-09T21:43";5
"2020-12-09T21:49";6
"2020-12-09T21:54";5
"2020-12-09T21:59";5
"2020-12-09T22:04";5
"2020-12-09T22:09";5
"2020-12-09T22:14";5
"2020-12-09T22:19";4
"2020-12-09T22:25";3
"2020-12-09T22:30";4
"2020-12-09T22:35";4
"2020-12-09T22:40";5
"2020-12-09T22:45";4
"2020-12-09T22:50";6
"2020-12-09T22:55";5
"2020-12-09T23:00";4
"2020-12-09T23:06";5
"2020-12-09T23:11";6
"2020-12-09T23:16";5
"2020-12-09T23:21";6
"2020-12-09T23:26";5
"2020-12-09T23:31";5
"2020-12-09T23:36";5
"2020-12-09T23:42";4
"2020-12-09T23:47";6
"2020-12-09T23:52";4
"2020-12-09T23:57";4
"2020-12-10T00:02";4
"2020-12-10T00:07";5
"2020-12-10T00:12";4
"2020-12-10T00:17";4
"2020-12-10T00:22";5
"2020-12-10T00:28";5
"2020-12-10T00:33";5
"2020-12-10T00:38";6
"2020-12-10T00:43";6
"2020-12-10T00:48";6
"2020-12-10T00:53";5
"2020-12-10T00:58";4
"2020-12-10T01:03";5
"2020-12-10T01:08";4
"2020-12-10T01:14";6
"2020-12-10T01:19";4
"2020-12-10T01:29";4
"2020-12-10T01:34";5
"2020-12-10T01:39";5
"2020-12-10T01:44";4
"2020-12-10T01:49";4
"2020-12-10T01:55";5
"2020-12-10T02:00";7
"2020-12-10T02:05";7
"2020-12-10T02:10";5
"2020-12-10T02:15";7
"2020-12-10T02:20";6
"2020-12-10T02:25";6
"2020-12-10T02:30";6
"2020-12-10T02:35";5
"2020-12-10T02:41";4
"2020-12-10T02:46";5
"2020-12-10T02:51";4
"2020-12-10T02:56";4
"2020-12-10T03:01";5
"2020-12-10T03:06";4
"2020-12-10T03:11";6
"2020-12-10T03:16";4
"2020-12-10T03:22";4
"2020-12-10T03:27";3
"2020-12-10T03:32";4
"2020-12-10T03:37";3
"2020-12-10T03:42";5
"2020-12-10T03:47";4
"2020-12-10T03:52";5
"2020-12-10T03:57";4
"2020-12-10T04:03";5
"2020-12-10T04:08";4
"2020-12-10T04:13";4
"2020-12-10T04:18";6
"2020-12-10T04:23";4
"2020-12-10T04:28";6
"2020-12-10T04:33";5
"2020-12-10T04:38";3
"2020-12-10T04:44";4
"2020-12-10T04:49";5
"2020-12-10T04:54";6
"2020-12-10T04:59";6
"2020-12-10T05:04";5
"2020-12-10T05:09";4
"2020-12-10T05:14";4
"2020-12-10T05:19";4
"2020-12-10T05:24";4
"2020-12-10T05:30";5
"2020-12-10T05:35";3
"2020-12-10T05:40";4
"2020-12-10T05:45";4
"2020-12-10T05:50";5
"2020-12-10T05:55";4
"2020-12-10T06:00";5
"2020-12-10T06:11";6
"2020-12-10T06:16";4
"2020-12-10T06:21";4
"2020-12-10T06:26";5
"2020-12-10T06:31";5
"2020-12-10T06:36";5
"2020-12-10T06:41";4
"2020-12-10T06:46";4
"2020-12-10T06:52";4
"2020-12-10T06:57";4
"2020-12-10T07:02";5
"2020-12-10T07:07";4
"2020-12-10T07:12";4
"2020-12-10T07:17";3
"2020-12-10T07:22";5
"2020-12-10T07:27";5
"2020-12-10T07:33";3
"2020-12-10T07:38";3
"2020-12-10T07:43";5
"2020-12-10T07:48";4
"2020-12-10T07:53";5
"2020-12-10T07:58";4
"2020-12-10T08:03";4
"2020-12-10T08:08";4
"2020-12-10T08:14";4
"2020-12-10T08:19";5
"2020-12-10T08:24";4
"2020-12-10T08:29";4
"2020-12-10T08:34";3
"2020-12-10T08:39";4
"2020-12-10T08:44";4
"2020-12-10T08:49";4
"2020-12-10T08:55";4
"2020-12-10T09:00";3
"2020-12-10T09:05";4
"2020-12-10T09:10";4
"2020-12-10T09:15";4
"2020-12-10T09:20";4
"2020-12-10T09:25";4
"2020-12-10T09:30";4
"2020-12-10T09:36";3
"2020-12-10T09:41";4
"2020-12-10T09:46";3
"2020-12-10T09:51";4
"2020-12-10T09:56";6
"2020-12-10T10:01";5
"2020-12-10T10:06";5
"2020-12-10T10:17";5
"2020-12-10T10:22";5
"2020-12-10T10:27";4
"2020-12-10T10:32";4
"2020-12-10T10:37";5
"2020-12-10T10:42";4
"2020-12-10T10:47";6
"2020-12-10T10:52";4
"2020-12-10T10:58";4
"2020-12-10T11:03";5
"2020-12-10T11:08";4
"2020-12-10T11:13";6
"2020-12-10T11:18";5
"2020-12-10T11:23";4
"2020-12-10T11:28";5
"2020-12-10T11:33";4
"2020-12-10T11:39";4
"2020-12-10T11:44";4
"2020-12-10T11:49";5
"2020-12-10T11:54";4
"2020-12-10T11:59";5
"2020-12-10T12:04";4
"2020-12-10T12:09";4
"2020-12-10T12:14";4
"2020-12-10T12:20";5
"2020-12-10T12:25";4
"2020-12-10T12:30";4
"2020-12-10T12:35";5
"2020-12-10T12:40";4
"2020-12-10T12:45";4
"2020-12-10T12:50";5
"2020-12-10T12:56";4
"2020-12-10T13:01";4
"2020-12-10T13:06";4
"2020-12-10T13:11";4
"2020-12-10T13:16";6
"2020-12-10T13:21";4
"2020-12-10T13:26";6
"2020-12-10T13:31";4
"2020-12-10T13:37";6
"2020-12-10T13:42";4
"2020-12-10T13:47";5
"2020-12-10T13:52";4
"2020-12-10T13:57";5
"2020-12-10T14:02";5
"2020-12-10T14:07";4
"2020-12-10T14:12";4
"2020-12-10T14:18";4
"2020-12-10T14:23";4
"2020-12-10T14:28";4
"2020-12-10T14:33";4
"2020-12-10T14:38";3
"2020-12-10T14:43";5
"2020-12-10T14:48";4
"2020-12-10T14:53";4
"2020-12-10T14:59";5
"2020-12-10T15:04";5
"2020-12-10T15:09";3
"2020-12-10T15:14";4
"2020-12-10T15:19";4
"2020-12-10T15:24";3
"2020-12-10T15:29";3
"2020-12-10T15:34";5
"2020-12-10T15:39";5
"2020-12-10T15:45";4
"2020-12-10T15:50";4
"2020-12-10T15:55";5
"2020-12-10T16:00";4
"2020-12-10T16:05";3
"2020-12-10T16:10";3
"2020-12-10T16:15";4
"2020-12-10T16:21";4
"2020-12-10T16:26";4
"2020-12-10T16:31";4
"2020-12-10T16:41";4
"2020-12-10T16:46";4
"2020-12-10T16:51";4
"2020-12-10T16:56";4
"2020-12-10T17:02";6
"2020-12-10T17:07";4
"2020-12-10T17:12";5
"2020-12-10T17:17";4
"2020-12-10T17:22";4
"2020-12-10T17:27";4
"2020-12-10T17:32";4
"2020-12-10T17:37";5
"2020-12-10T17:42";4
"2020-12-10T17:48";5
"2020-12-10T17:53";5
"2020-12-10T17:58";5
"2020-12-10T18:03";5
"2020-12-10T18:08";4
"2020-12-10T18:13";5
"2020-12-10T18:18";4
"2020-12-10T18:23";5
"2020-12-10T18:29";5
"2020-12-10T18:34";4
"2020-12-10T18:39";5
"2020-12-10T18:44";4
"2020-12-10T18:49";4
"2020-12-10T18:54";4
"2020-12-10T18:59";4
"2020-12-10T19:04";4
"2020-12-10T19:10";5
"2020-12-10T19:15";5
"2020-12-10T19:20";6
"2020-12-10T19:25";4
"2020-12-10T19:30";6
"2020-12-10T19:35";6
"2020-12-10T19:40";4
"2020-12-10T19:45";6
"2020-12-10T19:51";4
"2020-12-10T19:56";5
"2020-12-10T20:01";4
"2020-12-10T20:06";4
"2020-12-10T20:11";4
"2020-12-10T20:16";4
"2020-12-10T20:21";4
"2020-12-10T20:26";4
"2020-12-10T20:32";5
"2020-12-10T20:37";6
"2020-12-10T20:42";7
"2020-12-10T20:47";5
"2020-12-10T20:52";4
"2020-12-10T20:57";4
"2020-12-10T21:02";4
"2020-12-10T21:07";4
"2020-12-10T21:13";5
"2020-12-10T21:18";6
"2020-12-10T21:23";5
"2020-12-10T21:28";5
"2020-12-10T21:33";6
"2020-12-10T21:38";4
"2020-12-10T21:43";4
"2020-12-10T21:48";5
"2020-12-10T21:54";4
"2020-12-10T21:59";5
"2020-12-10T22:04";5
"2020-12-10T22:09";6
"2020-12-10T22:14";4
"2020-12-10T22:19";4
"2020-12-10T22:24";5
"2020-12-10T22:29";4
"2020-12-10T22:35";4
"2020-12-10T22:40";5
"2020-12-10T22:45";4
"2020-12-10T22:50";4
"2020-12-10T22:55";4
"2020-12-10T23:00";5
"2020-12-10T23:05";4
"2020-12-10T23:10";4
"2020-12-10T23:16";4
"2020-12-10T23:21";5
"2020-12-10T23:26";4
"2020-12-10T23:31";4
"2020-12-10T23:36";4
"2020-12-10T23:41";4
"2020-12-10T23:46";5
"2020-12-10T23:51";5
"2020-12-10T23:57";4
"2020-12-11T00:02";3
"2020-12-11T00:07";5
"2020-12-11T00:12";4
"2020-12-11T00:17";4
"2020-12-11T00:22";5
"2020-12-11T00:27";4
"2020-12-11T00:32";4
"2020-12-11T00:38";5
"2020-12-11T00:43";5
"2020-12-11T00:48";4
"2020-12-11T00:53";4
"2020-12-11T00:58";4
"2020-12-11T01:03";6
"2020-12-11T01:08";6
"2020-12-11T01:14";4
"2020-12-11T01:19";6
"2020-12-11T01:24";6
"2020-12-11T01:29";5
"2020-12-11T01:34";5
"2020-12-11T01:39";6
"2020-12-11T01:44";5
"2020-12-11T01:49";4
"2020-12-11T01:55";5
"2020-12-11T02:00";4
"2020-12-11T02:05";4
"2020-12-11T02:10";5
"2020-12-11T02:15";5
"2020-12-11T02:20";3
"2020-12-11T02:25";4
"2020-12-11T02:30";4
"2020-12-11T02:36";5
"2020-12-11T02:41";5
"2020-12-11T02:46";5
"2020-12-11T02:51";5
"2020-12-11T02:56";6
"2020-12-11T03:01";6
"2020-12-11T03:06";4
"2020-12-11T03:11";3
"2020-12-11T03:16";3
"2020-12-11T03:22";6
"2020-12-11T03:27";5
"2020-12-11T03:32";4
"2020-12-11T03:42";6
"2020-12-11T03:47";5
"2020-12-11T03:52";5
"2020-12-11T03:58";4
"2020-12-11T04:03";5
"2020-12-11T04:08";5
"2020-12-11T04:13";6
"2020-12-11T04:18";4
"2020-12-11T04:23";4
"2020-12-11T04:28";5
"2020-12-11T04:33";4
"2020-12-11T04:38";7
"2020-12-11T04:44";5
"2020-12-11T04:49";4
"2020-12-11T04:54";4
"2020-12-11T04:59";4
"2020-12-11T05:04";4
"2020-12-11T05:09";5
"2020-12-11T05:14";3
"2020-12-11T05:20";3
"2020-12-11T05:25";4
"2020-12-11T05:30";4
"2020-12-11T05:35";4
"2020-12-11T05:40";4
"2020-12-11T05:45";4
"2020-12-11T05:56";5
"2020-12-11T06:01";5
"2020-12-11T06:06";4
"2020-12-11T06:11";4
"2020-12-11T06:16";6
"2020-12-11T06:21";4
"2020-12-11T06:26";5
"2020-12-11T06:31";4
"2020-12-11T06:36";5
"2020-12-11T06:42";6
"2020-12-11T06:47";5
"2020-12-11T06:52";6
"2020-12-11T07:02";5
"2020-12-11T07:07";4
"2020-12-11T07:12";4
"2020-12-11T07:18";5
"2020-12-11T07:23";5
"2020-12-11T07:28";4
"2020-12-11T07:33";5
"2020-12-11T07:38";4
"2020-12-11T07:43";4
"2020-12-11T07:48";4
"2020-12-11T07:53";4
"2020-12-11T07:58";4
"2020-12-11T08:04";4
"2020-12-11T08:09";5
"2020-12-11T08:14";6
"2020-12-11T08:19";5
"2020-12-11T08:24";4
"2020-12-11T08:29";3
"2020-12-11T08:34";3
"2020-12-11T08:39";3
"2020-12-11T08:44";6
"2020-12-11T08:50";4
"2020-12-11T08:55";4
"2020-12-11T09:00";4
"2020-12-11T09:05";4
"2020-12-11T09:10";5
"2020-12-11T09:15";4
"2020-12-11T09:20";4
"2020-12-11T09:25";5
"2020-12-11T09:31";4
"2020-12-11T09:36";6
"2020-12-11T09:41";4
"2020-12-11T09:46";3
"2020-12-11T09:51";4
"2020-12-11T09:56";3
"2020-12-11T10:01";3
"2020-12-11T10:06";4
"2020-12-11T10:12";3
"2020-12-11T10:17";3
"2020-12-11T10:22";4
"2020-12-11T10:27";3
"2020-12-11T10:32";4
"2020-12-11T10:37";4
"2020-12-11T10:42";4
"2020-12-11T10:47";3
"2020-12-11T10:53";4
"2020-12-11T10:58";3
"2020-12-11T11:03";5
"2020-12-11T11:08";3
"2020-12-11T11:13";4
"2020-12-11T11:18";5
"2020-12-11T11:23";4
"2020-12-11T11:28";4
"2020-12-11T11:33";4
"2020-12-11T11:39";6
"2020-12-11T11:44";6
"2020-12-11T11:49";4
"2020-12-11T11:54";4
"2020-12-11T11:59";4
"2020-12-11T12:04";4
"2020-12-11T12:09";4
"2020-12-11T12:14";4
"2020-12-11T12:19";4
"2020-12-11T12:25";3
"2020-12-11T12:30";5
"2020-12-11T12:35";4
"2020-12-11T12:40";4
"2020-12-11T12:45";4
"2020-12-11T12:50";5
"2020-12-11T12:55";4
"2020-12-11T13:00";4
"2020-12-11T13:05";5
"2020-12-11T13:11";5
"2020-12-11T13:16";6
"2020-12-11T13:21";4
"2020-12-11T13:26";4
"2020-12-11T13:31";6
"2020-12-11T13:36";7
"2020-12-11T13:41";5
"2020-12-11T13:47";6
"2020-12-11T13:52";7
"2020-12-11T13:57";5
"2020-12-11T14:02";4
"2020-12-11T14:07";6
"2020-12-11T14:12";5
"2020-12-11T14:17";5
"2020-12-11T14:22";4
"2020-12-11T14:27";5
"2020-12-11T14:33";6
"2020-12-11T14:38";6
"2020-12-11T14:43";6
"2020-12-11T14:48";4
"2020-12-11T14:53";5
"2020-12-11T14:58";5
"2020-12-11T15:03";4
"2020-12-11T15:08";4
"2020-12-11T15:13";5
"2020-12-11T15:19";4
"2020-12-11T15:24";4
"2020-12-11T15:29";5
"2020-12-11T15:34";4
"2020-12-11T15:39";4
"2020-12-11T15:44";4
"2020-12-11T15:49";5
"2020-12-11T15:54";5
"2020-12-11T16:00";5
"2020-12-11T16:05";5
"2020-12-11T16:10";5
"2020-12-11T16:15";5
"2020-12-11T16:20";4
"2020-12-11T16:25";5
"2020-12-11T16:30";5
"2020-12-11T16:36";5
"2020-12-11T16:41";4
"2020-12-11T16:46";4
"2020-12-11T16:51";5
"2020-12-11T16:56";4
"2020-12-11T17:01";6
"2020-12-11T17:06";5
"2020-12-11T17:11";4
"2020-12-11T17:17";6
"2020-12-11T17:22";6
"2020-12-11T17:27";5
"2020-12-11T17:32";6
"2020-12-11T17:37";6
"2020-12-11T17:42";5
"2020-12-11T17:47";4
"2020-12-11T17:52";4
"2020-12-11T17:58";6
"2020-12-11T18:03";6
"2020-12-11T18:08";5
"2020-12-11T18:13";7
"2020-12-11T18:18";6
"2020-12-11T18:23";4
"2020-12-11T18:28";7
"2020-12-11T18:34";4
"2020-12-11T18:39";5
"2020-12-11T18:44";4
"2020-12-11T18:49";4
"2020-12-11T18:54";5
"2020-12-11T18:59";5
"2020-12-11T19:04";4
"2020-12-11T19:09";4
"2020-12-11T19:15";5
"2020-12-11T19:20";6
"2020-12-11T19:25";5
"2020-12-11T19:30";5
"2020-12-11T19:35";4
"2020-12-11T19:40";5
"2020-12-11T19:45";5
"2020-12-11T19:50";4
"2020-12-11T19:56";3
"2020-12-11T20:01";4
"2020-12-11T20:06";3
"2020-12-11T20:11";5
"2020-12-11T20:16";4
"2020-12-11T20:21";4
"2020-12-11T20:26";3
"2020-12-11T20:31";4
"2020-12-11T20:37";5
"2020-12-11T20:42";3
"2020-12-11T20:47";3
"2020-12-11T20:52";3
"2020-12-11T20:57";4
"2020-12-11T21:02";4
"2020-12-11T21:07";4
"2020-12-11T21:12";4
"2020-12-11T21:18";5
"2020-12-11T21:23";4
"2020-12-11T21:28";4
"2020-12-11T21:33";4
"2020-12-11T21:38";4
"2020-12-11T21:43";4
"2020-12-11T21:48";4
"2020-12-11T21:53";5
"2020-12-11T21:59";5
"2020-12-11T22:04";4
"2020-12-11T22:09";5
"2020-12-11T22:14";5
"2020-12-11T22:19";3
"2020-12-11T22:24";4
"2020-12-11T22:29";4
"2020-12-11T22:35";4
"2020-12-11T22:40";4
"2020-12-11T22:45";4
"2020-12-11T22:50";5
"2020-12-11T22:55";6
"2020-12-11T23:00";4
"2020-12-11T23:05";4
"2020-12-11T23:10";4
"2020-12-11T23:15";4
"2020-12-11T23:21";4
"2020-12-11T23:26";4
"2020-12-11T23:31";4
"2020-12-11T23:36";4
"2020-12-11T23:41";5
"2020-12-11T23:46";4
"2020-12-11T23:51";5
"2020-12-11T23:56";5
"2020-12-12T00:02";6
"2020-12-12T00:07";4
"2020-12-12T00:12";5
"2020-12-12T00:17";5
"2020-12-12T00:22";5
"2020-12-12T00:27";5
"2020-12-12T00:32";5
"2020-12-12T00:37";6
"2020-12-12T00:43";4
"2020-12-12T00:48";4
"2020-12-12T00:53";7
"2020-12-12T00:58";4
"2020-12-12T01:03";5
"2020-12-12T01:08";4
"2020-12-12T01:13";5
"2020-12-12T01:18";4
"2020-12-12T01:24";4
"2020-12-12T01:29";4
"2020-12-12T01:34";4
"2020-12-12T01:39";3
"2020-12-12T01:44";3
"2020-12-12T01:49";6
"2020-12-12T01:54";5
"2020-12-12T01:59";4
"2020-12-12T02:05";4
"2020-12-12T02:10";5
"2020-12-12T02:15";4
"2020-12-12T02:20";4
"2020-12-12T02:25";4
"2020-12-12T02:30";3
"2020-12-12T02:35";4
"2020-12-12T02:41";4
"2020-12-12T02:46";4
"2020-12-12T02:51";4
"2020-12-12T02:56";5
"2020-12-12T03:01";4
"2020-12-12T03:06";4
"2020-12-12T03:11";5
"2020-12-12T03:16";4
"2020-12-12T03:22";4
"2020-12-12T03:27";5
"2020-12-12T03:32";3
"2020-12-12T03:37";3
"2020-12-12T03:42";4
"2020-12-12T03:47";3
"2020-12-12T03:52";4
"2020-12-12T03:57";3
"2020-12-12T04:03";3
"2020-12-12T04:08";4
"2020-12-12T04:13";4
"2020-12-12T04:18";5
"2020-12-12T04:23";6
"2020-12-12T04:28";5
"2020-12-12T04:33";4
"2020-12-12T04:38";5
"2020-12-12T04:44";4
"2020-12-12T04:49";5
"2020-12-12T04:54";5
"2020-12-12T04:59";4
"2020-12-12T05:04";4
"2020-12-12T05:09";4
"2020-12-12T05:14";4
"2020-12-12T05:19";5
"2020-12-12T05:25";6
"2020-12-12T05:30";4
"2020-12-12T05:35";6
"2020-12-12T05:40";4
"2020-12-12T05:45";4
"2020-12-12T05:50";4
"2020-12-12T05:55";4
"2020-12-12T06:00";4
"2020-12-12T06:06";4
"2020-12-12T06:11";5
"2020-12-12T06:16";4
"2020-12-12T06:21";4
"2020-12-12T06:26";5
"2020-12-12T06:31";4
"2020-12-12T06:36";6
"2020-12-12T06:41";4
"2020-12-12T06:47";4
"2020-12-12T06:52";5
"2020-12-12T06:57";4
"2020-12-12T07:02";4
"2020-12-12T07:07";4
"2020-12-12T07:12";4
"2020-12-12T07:17";4
"2020-12-12T07:22";4
"2020-12-12T07:27";4
"2020-12-12T07:33";4
"2020-12-12T07:38";4
"2020-12-12T07:43";6
"2020-12-12T07:48";3
"2020-12-12T07:53";5
"2020-12-12T07:58";4
"2020-12-12T08:03";5
"2020-12-12T08:08";5
"2020-12-12T08:14";6
"2020-12-12T08:19";5
"2020-12-12T08:24";5
"2020-12-12T08:29";4
"2020-12-12T08:34";4
"2020-12-12T08:39";4
"2020-12-12T08:44";5
"2020-12-12T08:49";4
"2020-12-12T08:54";4
"2020-12-12T09:00";5
"2020-12-12T09:05";4
"2020-12-12T09:10";4
"2020-12-12T09:15";4
"2020-12-12T09:20";5
"2020-12-12T09:25";5
"2020-12-12T09:30";6
"2020-12-12T09:35";4
"2020-12-12T09:41";5
"2020-12-12T09:46";4
"2020-12-12T09:51";3
"2020-12-12T09:56";4
"2020-12-12T10:01";4
"2020-12-12T10:06";6
"2020-12-12T10:11";4
"2020-12-12T10:16";4
"2020-12-12T10:22";4
"2020-12-12T10:27";5
"2020-12-12T10:32";4
"2020-12-12T10:37";5
"2020-12-12T10:42";3
"2020-12-12T10:47";4
"2020-12-12T10:52";5
"2020-12-12T10:57";3
"2020-12-12T11:03";6
"2020-12-12T11:08";4
"2020-12-12T11:13";4
"2020-12-12T11:18";3
"2020-12-12T11:23";7
"2020-12-12T11:28";5
"2020-12-12T11:33";4
"2020-12-12T11:39";3
"2020-12-12T11:44";5
"2020-12-12T11:49";4
"2020-12-12T11:54";4
"2020-12-12T11:59";4
"2020-12-12T12:04";4
"2020-12-12T12:09";6
"2020-12-12T12:14";4
"2020-12-12T12:19";5
"2020-12-12T12:25";4
"2020-12-12T12:30";5
"2020-12-12T12:35";5
"2020-12-12T12:40";5
"2020-12-12T12:45";7
"2020-12-12T12:50";4
"2020-12-12T12:55";4
"2020-12-12T13:00";4
"2020-12-12T13:05";5
"2020-12-12T13:11";4
"2020-12-12T13:16";4
"2020-12-12T13:26";4
"2020-12-12T13:31";3
"2020-12-12T13:36";6
"2020-12-12T13:41";4
"2020-12-12T13:46";5
"2020-12-12T13:52";4
"2020-12-12T13:57";4
"2020-12-12T14:02";5
"2020-12-12T14:07";3
"2020-12-12T14:12";5
"2020-12-12T14:17";5
"2020-12-12T14:22";5
"2020-12-12T14:27";5
"2020-12-12T14:32";6
"2020-12-12T14:38";5
"2020-12-12T14:43";6
"2020-12-12T14:48";7
"2020-12-12T14:53";4
"2020-12-12T14:58";6
"2020-12-12T15:03";4
"2020-12-12T15:08";6
"2020-12-12T15:13";4
"2020-12-12T15:19";4
"2020-12-12T15:24";5
"2020-12-12T15:29";5
"2020-12-12T15:34";5
"2020-12-12T15:39";5
"2020-12-12T15:44";6
"2020-12-12T15:49";4
"2020-12-12T15:55";7
"2020-12-12T16:00";4
"2020-12-12T16:05";6
"2020-12-12T16:10";6
"2020-12-12T16:15";7
"2020-12-12T16:20";6
"2020-12-12T16:25";4
"2020-12-12T16:30";5
"2020-12-12T16:36";5
"2020-12-12T16:41";4
"2020-12-12T16:46";5
"2020-12-12T16:51";5
"2020-12-12T16:56";4
"2020-12-12T17:01";5
"2020-12-12T17:06";4
"2020-12-12T17:11";6
"2020-12-12T17:17";6
"2020-12-12T17:22";4
"2020-12-12T17:27";6
"2020-12-12T17:32";6
"2020-12-12T17:37";5
"2020-12-12T17:42";5
"2020-12-12T17:47";4
"2020-12-12T17:52";5
"2020-12-12T17:57";5
"2020-12-12T18:03";4
"2020-12-12T18:08";4
"2020-12-12T18:13";4
"2020-12-12T18:18";5
"2020-12-12T18:23";5
"2020-12-12T18:28";5
"2020-12-12T18:33";5
"2020-12-12T18:38";5
"2020-12-12T18:43";6
"2020-12-12T18:49";5
"2020-12-12T18:54";4
"2020-12-12T18:59";5
"2020-12-12T19:04";5
"2020-12-12T19:09";5
"2020-12-12T19:14";5
"2020-12-12T19:19";5
"2020-12-12T19:25";4
"2020-12-12T19:30";4
"2020-12-12T19:35";6
"2020-12-12T19:40";5
"2020-12-12T19:45";5
"2020-12-12T19:50";5
"2020-12-12T19:55";5
"2020-12-12T20:00";6
"2020-12-12T20:06";6
"2020-12-12T20:11";4
"2020-12-12T20:16";6
"2020-12-12T20:21";4
"2020-12-12T20:26";5
"2020-12-12T20:31";5
"2020-12-12T20:36";4
"2020-12-12T20:41";4
"2020-12-12T20:47";4
"2020-12-12T20:52";4
"2020-12-12T20:57";5
"2020-12-12T21:02";6
"2020-12-12T21:07";7
"2020-12-12T21:12";6
"2020-12-12T21:17";5
"2020-12-12T21:22";5
"2020-12-12T21:27";4
"2020-12-12T21:33";5
"2020-12-12T21:38";4
"2020-12-12T21:43";5
"2020-12-12T21:48";5
"2020-12-12T21:53";6
"2020-12-12T21:58";5
"2020-12-12T22:03";5
"2020-12-12T22:08";5
"2020-12-12T22:14";4
"2020-12-12T22:19";4
"2020-12-12T22:24";6
"2020-12-12T22:29";6
"2020-12-12T22:34";6
"2020-12-12T22:39";5
"2020-12-12T22:44";5
"2020-12-12T22:49";5
"2020-12-12T22:54";5
"2020-12-12T23:00";4
"2020-12-12T23:05";5
"2020-12-12T23:10";4
"2020-12-12T23:15";3
"2020-12-12T23:20";3
"2020-12-12T23:25";4
"2020-12-12T23:30";3
"2020-12-12T23:36";3
"2020-12-12T23:41";5
"2020-12-12T23:46";6
"2020-12-12T23:51";5
"2020-12-12T23:56";5
"2020-12-13T00:01";5
"2020-12-13T00:06";4
"2020-12-13T00:11";4
"2020-12-13T00:16";5
"2020-12-13T00:22";6
"2020-12-13T00:27";7
"2020-12-13T00:32";4
"2020-12-13T00:37";4
"2020-12-13T00:42";4
"2020-12-13T00:47";5
"2020-12-13T00:52";5
"2020-12-13T00:57";4
"2020-12-13T01:03";6
"2020-12-13T01:08";4
"2020-12-13T01:13";4
"2020-12-13T01:18";4
"2020-12-13T01:23";5
"2020-12-13T01:28";4
"2020-12-13T01:33";4
"2020-12-13T01:38";4
"2020-12-13T01:44";5
"2020-12-13T01:49";5
"2020-12-13T01:54";5
"2020-12-13T01:59";6
"2020-12-13T02:04";6
"2020-12-13T02:09";4
"2020-12-13T02:14";5
"2020-12-13T02:19";5
"2020-12-13T02:25";4
"2020-12-13T02:30";4
"2020-12-13T02:35";6
"2020-12-13T02:40";4
"2020-12-13T02:45";4
"2020-12-13T02:50";5
"2020-12-13T02:55";4
"2020-12-13T03:00";5
"2020-12-13T03:06";6
"2020-12-13T03:11";4
"2020-12-13T03:16";5
"2020-12-13T03:21";4
"2020-12-13T03:26";5
"2020-12-13T03:31";5
"2020-12-13T03:36";3
"2020-12-13T03:42";4
"2020-12-13T03:47";4
"2020-12-13T03:52";5
"2020-12-13T03:57";5
"2020-12-13T04:02";4
"2020-12-13T04:07";6
"2020-12-13T04:12";4
"2020-12-13T04:17";3
"2020-12-13T04:22";4
"2020-12-13T04:28";3
"2020-12-13T04:33";6
"2020-12-13T04:38";5
"2020-12-13T04:43";5
"2020-12-13T04:48";4
"2020-12-13T04:53";4
"2020-12-13T04:58";7
"2020-12-13T05:03";6
"2020-12-13T05:09";4
"2020-12-13T05:14";5
"2020-12-13T05:19";6
"2020-12-13T05:24";4
"2020-12-13T05:29";5
"2020-12-13T05:34";5
"2020-12-13T05:39";6
"2020-12-13T05:44";4
"2020-12-13T05:50";6
"2020-12-13T05:55";4
"2020-12-13T06:00";6
"2020-12-13T06:05";5
"2020-12-13T06:10";4
"2020-12-13T06:15";5
"2020-12-13T06:31";4
"2020-12-13T06:41";5
"2020-12-13T06:46";4
"2020-12-13T06:51";6
"2020-12-13T06:56";5
"2020-12-13T07:01";6
"2020-12-13T07:06";4
"2020-12-13T07:17";5
"2020-12-13T07:22";5
"2020-12-13T07:27";5
"2020-12-13T07:32";6
"2020-12-13T07:42";5
"2020-12-13T07:47";4
"2020-12-13T07:53";5
"2020-12-13T07:58";4
"2020-12-13T08:03";7
"2020-12-13T08:08";4
"2020-12-13T08:13";5
"2020-12-13T08:18";4
"2020-12-13T08:23";5
"2020-12-13T08:28";4
"2020-12-13T08:34";7
"2020-12-13T08:39";6
"2020-12-13T08:44";6
"2020-12-13T08:49";5
"2020-12-13T08:54";4
"2020-12-13T08:59";4
"2020-12-13T09:04";4
"2020-12-13T09:09";6
"2020-12-13T09:15";6
"2020-12-13T09:20";5
"2020-12-13T09:25";5
"2020-12-13T09:30";4
"2020-12-13T09:35";4
"2020-12-13T09:40";6
"2020-12-13T09:45";5
"2020-12-13T09:50";5
"2020-12-13T09:56";5
"2020-12-13T10:01";5
"2020-12-13T10:11";5
"2020-12-13T10:16";5
"2020-12-13T10:21";6
"2020-12-13T10:26";6
"2020-12-13T10:31";6
"2020-12-13T10:37";5
"2020-12-13T10:42";4
"2020-12-13T10:47";5
"2020-12-13T10:52";5
"2020-12-13T10:57";6
"2020-12-13T11:02";4
"2020-12-13T11:07";3
"2020-12-13T11:18";6
"2020-12-13T11:23";4
"2020-12-13T11:28";6
"2020-12-13T11:33";5
"2020-12-13T11:38";6
"2020-12-13T11:43";4
"2020-12-13T11:48";6
"2020-12-13T11:54";7
"2020-12-13T11:59";4
"2020-12-13T12:04";5
"2020-12-13T12:09";6
"2020-12-13T12:14";4
"2020-12-13T12:19";5
"2020-12-13T12:24";5
"2020-12-13T12:29";6
"2020-12-13T12:34";7
"2020-12-13T12:40";5
"2020-12-13T12:45";6
"2020-12-13T12:50";6
"2020-12-13T12:55";5
"2020-12-13T13:00";5
"2020-12-13T13:05";5
"2020-12-13T13:10";6
"2020-12-13T13:15";6
"2020-12-13T13:21";5
"2020-12-13T13:26";5
"2020-12-13T13:31";5
"2020-12-13T13:36";5
"2020-12-13T13:41";6
"2020-12-13T13:46";5
"2020-12-13T13:51";6
"2020-12-13T13:56";5
"2020-12-13T14:02";4
"2020-12-13T14:07";4
"2020-12-13T14:12";5
"2020-12-13T14:17";6
"2020-12-13T14:22";6
"2020-12-13T14:27";7
"2020-12-13T14:32";6
"2020-12-13T14:37";4
"2020-12-13T14:43";5
"2020-12-13T14:48";5
"2020-12-13T14:53";4
"2020-12-13T14:58";7
"2020-12-13T15:03";6
"2020-12-13T15:08";4
"2020-12-13T15:13";5
"2020-12-13T15:18";6
"2020-12-13T15:24";5
"2020-12-13T15:29";4
"2020-12-13T15:34";5
"2020-12-13T15:39";5
"2020-12-13T15:44";4
"2020-12-13T15:49";4
"2020-12-13T15:54";6
"2020-12-13T15:59";4
"2020-12-13T16:05";6
"2020-12-13T16:10";4
"2020-12-13T16:15";5
"2020-12-13T16:20";6
"2020-12-13T16:25";5
"2020-12-13T16:30";6
"2020-12-13T16:35";4
"2020-12-13T16:41";6
"2020-12-13T16:46";4
"2020-12-13T16:51";6
"2020-12-13T16:56";5
"2020-12-13T17:01";6
"2020-12-13T17:06";4
"2020-12-13T17:11";3
"2020-12-13T17:16";5
"2020-12-13T17:22";4
"2020-12-13T17:27";5
"2020-12-13T17:32";5
"2020-12-13T17:42";4
"2020-12-13T17:47";6
"2020-12-13T17:52";5
"2020-12-13T18:03";5
"2020-12-13T18:08";6
"2020-12-13T18:13";5
"2020-12-13T18:18";4
"2020-12-13T18:23";5
"2020-12-13T18:28";4
"2020-12-13T18:33";5
"2020-12-13T18:38";4
"2020-12-13T18:44";6
"2020-12-13T18:49";4
"2020-12-13T18:59";4
"2020-12-13T19:04";6
"2020-12-13T19:09";4
"2020-12-13T19:19";5
"2020-12-13T19:25";5
"2020-12-13T19:35";6
"2020-12-13T19:40";5
"2020-12-13T19:45";4
"2020-12-13T19:50";5
"2020-12-13T19:55";7
"2020-12-13T20:00";4
"2020-12-13T20:05";7
"2020-12-13T20:11";3
"2020-12-13T20:16";5
"2020-12-13T20:21";4
"2020-12-13T20:26";4
"2020-12-13T20:31";4
"2020-12-13T20:36";5
"2020-12-13T20:41";6
"2020-12-13T20:46";4
"2020-12-13T20:52";4
"2020-12-13T20:57";5
"2020-12-13T21:02";4
"2020-12-13T21:12";4
"2020-12-13T21:17";3
"2020-12-13T21:22";4
"2020-12-13T21:27";5
"2020-12-13T21:32";4
"2020-12-13T21:38";4
"2020-12-13T21:43";5
"2020-12-13T21:48";4
"2020-12-13T21:53";5
"2020-12-13T21:58";5
"2020-12-13T22:03";6
"2020-12-13T22:08";4
"2020-12-13T22:13";5
"2020-12-13T22:18";4
"2020-12-13T22:24";5
"2020-12-13T22:29";4
"2020-12-13T22:34";4
"2020-12-13T22:39";5
"2020-12-13T22:44";4
"2020-12-13T22:49";4
"2020-12-13T22:54";4
"2020-12-13T22:59";5
"2020-12-13T23:05";4
"2020-12-13T23:10";5
"2020-12-13T23:15";5
"2020-12-13T23:20";4
"2020-12-13T23:25";3
"2020-12-13T23:30";4
"2020-12-13T23:35";6
"2020-12-13T23:40";3
"2020-12-13T23:46";4
"2020-12-13T23:51";3
"2020-12-13T23:56";5
"2020-12-14T00:01";4
"2020-12-14T00:06";4
"2020-12-14T00:11";4
"2020-12-14T00:16";6
"2020-12-14T00:22";4
"2020-12-14T00:27";6
"2020-12-14T00:32";6
"2020-12-14T00:37";5
"2020-12-14T00:42";4
"2020-12-14T00:47";5
"2020-12-14T00:52";4
"2020-12-14T00:57";5
"2020-12-14T01:03";5
"2020-12-14T01:08";4
"2020-12-14T01:13";5
"2020-12-14T01:18";4
"2020-12-14T01:23";5
"2020-12-14T01:28";4
"2020-12-14T01:33";5
"2020-12-14T01:38";4
"2020-12-14T01:44";6
"2020-12-14T01:49";5
"2020-12-14T01:54";5
"2020-12-14T02:04";5
"2020-12-14T02:09";4
"2020-12-14T02:14";4
"2020-12-14T02:19";6
"2020-12-14T02:24";4
"2020-12-14T02:30";5
"2020-12-14T02:35";5
"2020-12-14T02:40";5
"2020-12-14T02:45";5
"2020-12-14T02:50";5
"2020-12-14T02:55";5
"2020-12-14T03:00";4
"2020-12-14T03:05";4
"2020-12-14T03:11";4
"2020-12-14T03:16";4
"2020-12-14T03:21";4
"2020-12-14T03:26";4
"2020-12-14T03:31";4
"2020-12-14T03:36";4
"2020-12-14T03:41";5
"2020-12-14T03:46";4
"2020-12-14T03:52";4
"2020-12-14T03:57";4
"2020-12-14T04:02";5
"2020-12-14T04:07";3
"2020-12-14T04:12";4
"2020-12-14T04:17";4
"2020-12-14T04:22";4
"2020-12-14T04:27";3
"2020-12-14T04:32";4
"2020-12-14T04:38";4
"2020-12-14T04:43";5
"2020-12-14T04:48";5
"2020-12-14T04:53";7
"2020-12-14T04:58";4
"2020-12-14T05:03";4
"2020-12-14T05:08";3
"2020-12-14T05:13";3
"2020-12-14T05:19";4
"2020-12-14T05:24";4
"2020-12-14T05:29";3
"2020-12-14T05:34";4
"2020-12-14T05:39";4
"2020-12-14T05:44";4
"2020-12-14T05:49";3
"2020-12-14T05:54";4
"2020-12-14T06:00";3
"2020-12-14T06:05";3
"2020-12-14T06:10";4
"2020-12-14T06:15";3
"2020-12-14T06:20";3
"2020-12-14T06:25";3
"2020-12-14T06:30";3
"2020-12-14T06:36";4
"2020-12-14T06:41";4
"2020-12-14T06:46";4
"2020-12-14T06:51";4
"2020-12-14T06:56";3
"2020-12-14T07:01";3
"2020-12-14T07:06";3
"2020-12-14T07:11";3
"2020-12-14T07:17";3
"2020-12-14T07:22";3
"2020-12-14T07:27";4
"2020-12-14T07:32";3
"2020-12-14T07:37";8
"2020-12-14T07:42";5
"2020-12-14T07:47";7
"2020-12-14T07:52";4
"2020-12-14T07:57";4
"2020-12-14T08:02";5
"2020-12-14T08:08";5
"2020-12-14T08:13";4
"2020-12-14T08:18";5
"2020-12-14T08:23";5
"2020-12-14T08:28";5
"2020-12-14T08:33";6
"2020-12-14T08:38";6
"2020-12-14T08:43";5
"2020-12-14T08:49";4
"2020-12-14T08:54";4
"2020-12-14T08:59";4
"2020-12-14T09:04";4
"2020-12-14T09:09";4
"2020-12-14T09:14";5
"2020-12-14T09:19";4
"2020-12-14T09:25";5
"2020-12-14T09:30";5
"2020-12-14T09:35";6
"2020-12-14T09:40";4
"2020-12-14T09:45";3
"2020-12-14T09:50";6
"2020-12-14T09:55";3
"2020-12-14T10:00";5
"2020-12-14T10:06";6
"2020-12-14T10:11";5
"2020-12-14T10:16";5
"2020-12-14T10:21";5
"2020-12-14T10:26";4
"2020-12-14T10:31";5
"2020-12-14T10:36";5
"2020-12-14T10:41";5
"2020-12-14T10:46";4
"2020-12-14T10:52";4
"2020-12-14T10:57";4
"2020-12-14T11:02";3
"2020-12-14T11:07";4
"2020-12-14T11:12";4
"2020-12-14T11:17";5
"2020-12-14T11:22";3
"2020-12-14T11:27";5
"2020-12-14T11:33";5
"2020-12-14T11:38";5
"2020-12-14T11:43";5
"2020-12-14T11:48";5
"2020-12-14T11:53";5
"2020-12-14T11:58";4
"2020-12-14T12:03";5
"2020-12-14T12:08";4
"2020-12-14T12:13";6
"2020-12-14T12:19";6
"2020-12-14T12:24";4
"2020-12-14T12:29";4
"2020-12-14T12:34";4
"2020-12-14T12:44";5
"2020-12-14T12:49";4
"2020-12-14T12:54";4
"2020-12-14T13:00";5
"2020-12-14T13:05";3
"2020-12-14T13:10";5
"2020-12-14T13:15";6
"2020-12-14T13:20";4
"2020-12-14T13:25";5
"2020-12-14T13:30";5
"2020-12-14T13:35";4
"2020-12-14T13:46";5
"2020-12-14T13:51";5
"2020-12-14T13:56";4
"2020-12-14T14:01";5
"2020-12-14T14:06";4
"2020-12-14T14:11";6
"2020-12-14T14:16";4
"2020-12-14T14:21";4
"2020-12-14T14:27";4
"2020-12-14T14:32";5
"2020-12-14T14:37";3
"2020-12-14T14:42";4
"2020-12-14T14:47";4
"2020-12-14T14:52";4
"2020-12-14T14:57";4
"2020-12-14T15:03";4
"2020-12-14T15:08";5
"2020-12-14T15:13";4
"2020-12-14T15:18";4
"2020-12-14T15:23";5
"2020-12-14T15:28";4
"2020-12-14T15:33";6
"2020-12-14T15:44";4
"2020-12-14T15:49";4
"2020-12-14T15:59";5
"2020-12-14T16:04";4
"2020-12-14T16:09";5
"2020-12-14T16:14";5
"2020-12-14T16:19";4
"2020-12-14T16:25";4
"2020-12-14T16:30";4
"2020-12-14T16:35";4
"2020-12-14T16:40";5
"2020-12-14T16:45";5
"2020-12-14T16:50";4
"2020-12-14T16:55";4
"2020-12-14T17:00";4
"2020-12-14T17:06";4
"2020-12-14T17:16";4
"2020-12-14T17:21";4
"2020-12-14T17:26";4
"2020-12-14T17:31";6
"2020-12-14T17:36";4
"2020-12-14T17:42";5
"2020-12-14T17:47";5
"2020-12-14T17:52";4
"2020-12-14T17:57";8
"2020-12-14T18:02";4
"2020-12-14T18:07";4
"2020-12-14T18:12";4
"2020-12-14T18:17";5
"2020-12-14T18:23";2
"2020-12-14T18:28";3
"2020-12-14T18:33";4
"2020-12-14T18:38";4
"2020-12-14T18:43";3
"2020-12-14T18:48";3
"2020-12-14T18:53";5
"2020-12-14T18:58";3
"2020-12-14T19:03";3
"2020-12-14T19:09";3
"2020-12-14T19:14";3
"2020-12-14T19:19";3
"2020-12-14T19:24";3
"2020-12-14T19:29";4
"2020-12-14T19:34";3
"2020-12-14T19:39";4
"2020-12-14T19:45";3
"2020-12-14T19:50";3
"2020-12-14T19:55";3
"2020-12-14T20:00";3
"2020-12-14T20:05";3
"2020-12-14T20:10";3
"2020-12-14T20:15";3
"2020-12-14T20:21";4
"2020-12-14T20:26";3
"2020-12-14T20:31";3
"2020-12-14T20:36";3
"2020-12-14T20:41";3
"2020-12-14T20:46";3
"2020-12-14T20:51";3
"2020-12-14T20:56";5
"2020-12-14T21:01";3
"2020-12-14T21:07";4
"2020-12-14T21:12";4
"2020-12-14T21:17";3
"2020-12-14T21:22";4
"2020-12-14T21:27";4
"2020-12-14T21:32";5
"2020-12-14T21:37";4
"2020-12-14T21:42";4
"2020-12-14T21:48";5
"2020-12-14T21:53";5
"2020-12-14T21:58";6
"2020-12-14T22:03";5
"2020-12-14T22:08";4
"2020-12-14T22:13";4
"2020-12-14T22:18";4
"2020-12-14T22:23";4
"2020-12-14T22:29";5
"2020-12-14T22:34";5
"2020-12-14T22:39";4
"2020-12-14T22:44";4
"2020-12-14T22:49";5
"2020-12-14T22:54";4
"2020-12-14T22:59";5
"2020-12-14T23:04";5
"2020-12-14T23:09";6
"2020-12-14T23:15";4
"2020-12-14T23:20";5
"2020-12-14T23:25";4
"2020-12-14T23:30";7
"2020-12-14T23:35";4
"2020-12-14T23:40";4
"2020-12-14T23:45";4
"2020-12-14T23:50";4
"2020-12-14T23:56";5
"2020-12-15T00:01";6
"2020-12-15T00:06";6
"2020-12-15T00:11";4
"2020-12-15T00:16";4
"2020-12-15T00:21";5
"2020-12-15T00:26";5
"2020-12-15T00:31";4
"2020-12-15T00:36";4
"2020-12-15T00:42";5
"2020-12-15T00:47";5
"2020-12-15T00:52";4
"2020-12-15T00:57";5
"2020-12-15T01:02";5
"2020-12-15T01:07";6
"2020-12-15T01:23";4
"2020-12-15T01:28";5
"2020-12-15T01:33";4
"2020-12-15T01:38";7
"2020-12-15T01:43";6
"2020-12-15T01:48";5
"2020-12-15T01:53";5
"2020-12-15T01:58";4
"2020-12-15T02:04";4
"2020-12-15T02:09";6
"2020-12-15T02:19";6
"2020-12-15T02:24";3
"2020-12-15T02:29";5
"2020-12-15T02:34";5
"2020-12-15T02:39";5
"2020-12-15T02:44";4
"2020-12-15T02:50";5
"2020-12-15T02:55";5
"2020-12-15T03:00";4
"2020-12-15T03:05";6
"2020-12-15T03:10";4
"2020-12-15T03:20";8
"2020-12-15T03:25";4
"2020-12-15T03:31";4
"2020-12-15T03:36";3
"2020-12-15T03:41";4
"2020-12-15T03:51";5
"2020-12-15T03:56";4
"2020-12-15T04:01";3
"2020-12-15T04:06";4
"2020-12-15T04:12";4
"2020-12-15T04:17";4
"2020-12-15T04:27";5
"2020-12-15T04:32";4
"2020-12-15T04:37";4
"2020-12-15T04:42";4
"2020-12-15T04:47";5
"2020-12-15T04:52";7
"2020-12-15T04:58";5
"2020-12-15T05:03";4
"2020-12-15T05:08";5
"2020-12-15T05:13";5
"2020-12-15T05:18";5
"2020-12-15T05:23";6
"2020-12-15T05:28";4
"2020-12-15T05:33";5
"2020-12-15T05:39";4
"2020-12-15T05:44";5
"2020-12-15T05:49";4
"2020-12-15T05:54";5
"2020-12-15T05:59";4
"2020-12-15T06:04";5
"2020-12-15T06:09";5
"2020-12-15T06:14";4
"2020-12-15T06:20";4
"2020-12-15T06:25";5
"2020-12-15T06:30";4
"2020-12-15T06:35";4
"2020-12-15T06:40";4
"2020-12-15T06:45";5
"2020-12-15T06:50";5
"2020-12-15T06:55";4
"2020-12-15T07:00";4
"2020-12-15T07:06";5
"2020-12-15T07:11";4
"2020-12-15T07:16";5
"2020-12-15T07:21";4
"2020-12-15T07:26";4
"2020-12-15T07:31";3
"2020-12-15T07:36";4
"2020-12-15T07:41";5
"2020-12-15T07:47";5
"2020-12-15T07:52";6
"2020-12-15T07:57";5
"2020-12-15T08:02";5
"2020-12-15T08:07";4
"2020-12-15T08:12";5
"2020-12-15T08:17";4
"2020-12-15T08:22";5
"2020-12-15T08:27";5
"2020-12-15T08:33";6
"2020-12-15T08:38";4
"2020-12-15T08:43";4
"2020-12-15T08:48";4
"2020-12-15T08:53";5
"2020-12-15T08:58";4
"2020-12-15T09:03";4
"2020-12-15T09:09";4
"2020-12-15T09:14";4
"2020-12-15T09:24";4
"2020-12-15T09:29";4
"2020-12-15T09:34";5
"2020-12-15T09:39";6
"2020-12-15T09:44";4
"2020-12-15T09:50";6
"2020-12-15T09:55";5
"2020-12-15T10:00";5
"2020-12-15T10:05";4
"2020-12-15T10:10";4
"2020-12-15T10:15";6
"2020-12-15T10:20";6
"2020-12-15T10:25";4
"2020-12-15T10:30";5
"2020-12-15T10:36";4
"2020-12-15T10:41";4
"2020-12-15T10:46";5
"2020-12-15T10:51";7
"2020-12-15T10:56";4